Category,Country,Year,Value
FE|Transport|Pass|Road|LDV|Four Wheelers|Electricity,AT,2005,0.0014851800167485724
FE|Transport|Pass|Road|LDV|Four Wheelers|Electricity,BE,2005,0.0017322452270002863
FE|Transport|Pass|Road|LDV|Four Wheelers|Electricity,BG,2005,0.0008610926282534304
FE|Transport|Pass|Road|LDV|Four Wheelers|Electricity,CY,2005,0.0001792024441202819
FE|Transport|Pass|Road|LDV|Four Wheelers|Electricity,CZ,2005,0.0018655025275572804
FE|Transport|Pass|Road|LDV|Four Wheelers|Electricity,DE,2005,0.014063703264882063
FE|Transport|Pass|Road|LDV|Four Wheelers|Electricity,DK,2005,0.0008100062184851209
FE|Transport|Pass|Road|LDV|Four Wheelers|Electricity,EE,2005,0.0002479898304149417
FE|Transport|Pass|Road|LDV|Four Wheelers|Electricity,EL,2005,0.0016836104355644115
FE|Transport|Pass|Road|LDV|Four Wheelers|Electricity,ES,2005,0.0076702633293106596
FE|Transport|Pass|Road|LDV|Four Wheelers|Electricity,EU27_2020,2005,0.0733652148088685
FE|Transport|Pass|Road|LDV|Four Wheelers|Electricity,FI,2005,0.001065054154675202
FE|Transport|Pass|Road|LDV|Four Wheelers|Electricity,FR,2005,0.011245143348201755
FE|Transport|Pass|Road|LDV|Four Wheelers|Electricity,HR,2005,0.0005471330969668973
FE|Transport|Pass|Road|LDV|Four Wheelers|Electricity,HU,2005,0.0011940578587563777
FE|Transport|Pass|Road|LDV|Four Wheelers|Electricity,IE,2005,0.0006886357866251067
FE|Transport|Pass|Road|LDV|Four Wheelers|Electricity,IT,2005,0.01171965480685882
FE|Transport|Pass|Road|LDV|Four Wheelers|Electricity,LT,2005,0.00048709379753877864
FE|Transport|Pass|Road|LDV|Four Wheelers|Electricity,LU,2005,0.00012993204793155125
FE|Transport|Pass|Road|LDV|Four Wheelers|Electricity,LV,2005,0.00022390530836264398
FE|Transport|Pass|Road|LDV|Four Wheelers|Electricity,MT,2005,9.276334854464057e-05
FE|Transport|Pass|Road|LDV|Four Wheelers|Electricity,NL,2005,0.002597241138699918
FE|Transport|Pass|Road|LDV|Four Wheelers|Electricity,PL,2005,0.006243462420396009
FE|Transport|Pass|Road|LDV|Four Wheelers|Electricity,PT,2005,0.0016749746321873351
FE|Transport|Pass|Road|LDV|Four Wheelers|Electricity,RO,2005,0.0023220254264649854
FE|Transport|Pass|Road|LDV|Four Wheelers|Electricity,SE,2005,0.0014254177023569569
FE|Transport|Pass|Road|LDV|Four Wheelers|Electricity,SI,2005,0.0003524799291090899
FE|Transport|Pass|Road|LDV|Four Wheelers|Electricity,SK,2005,0.0007574440828553067
FE|Transport|Pass|Road|LDV|Four Wheelers|Electricity,AT,2010,0.001506902997388175
FE|Transport|Pass|Road|LDV|Four Wheelers|Electricity,BE,2010,0.0017575819061265996
FE|Transport|Pass|Road|LDV|Four Wheelers|Electricity,BG,2010,0.0008736873967538878
FE|Transport|Pass|Road|LDV|Four Wheelers|Electricity,CY,2010,0.00018182354808094297
FE|Transport|Pass|Road|LDV|Four Wheelers|Electricity,CZ,2010,0.0018927882941527495
FE|Transport|Pass|Road|LDV|Four Wheelers|Electricity,DE,2010,0.014269405974519226
FE|Transport|Pass|Road|LDV|Four Wheelers|Electricity,DK,2010,0.0008218537717808025
FE|Transport|Pass|Road|LDV|Four Wheelers|Electricity,EE,2010,0.0002516170528554347
FE|Transport|Pass|Road|LDV|Four Wheelers|Electricity,EL,2010,0.0017082357580734404
FE|Transport|Pass|Road|LDV|Four Wheelers|Electricity,ES,2010,0.007782452410717804
FE|Transport|Pass|Road|LDV|Four Wheelers|Electricity,EU27_2020,2010,0.0744382908824359
FE|Transport|Pass|Road|LDV|Four Wheelers|Electricity,FI,2010,0.0010806321657723273
FE|Transport|Pass|Road|LDV|Four Wheelers|Electricity,FR,2010,0.011409620400470024
FE|Transport|Pass|Road|LDV|Four Wheelers|Electricity,HR,2010,0.0005551357374136208
FE|Transport|Pass|Road|LDV|Four Wheelers|Electricity,HU,2010,0.0012115227421077683
FE|Transport|Pass|Road|LDV|Four Wheelers|Electricity,IE,2010,0.000698708115697608
FE|Transport|Pass|Road|LDV|Four Wheelers|Electricity,IT,2010,0.011891072299419467
FE|Transport|Pass|Road|LDV|Four Wheelers|Electricity,LT,2010,0.0004942182733695067
FE|Transport|Pass|Road|LDV|Four Wheelers|Electricity,LU,2010,0.00013183249860409678
FE|Transport|Pass|Road|LDV|Four Wheelers|Electricity,LV,2010,0.00022718025862040076
FE|Transport|Pass|Road|LDV|Four Wheelers|Electricity,MT,2010,9.41201513576164e-05
FE|Transport|Pass|Road|LDV|Four Wheelers|Electricity,NL,2010,0.0026352296776892014
FE|Transport|Pass|Road|LDV|Four Wheelers|Electricity,PL,2010,0.006334782402992643
FE|Transport|Pass|Road|LDV|Four Wheelers|Electricity,PT,2010,0.001699473643146618
FE|Transport|Pass|Road|LDV|Four Wheelers|Electricity,RO,2010,0.0023559885237427096
FE|Transport|Pass|Road|LDV|Four Wheelers|Electricity,SE,2010,0.001446266569701291
FE|Transport|Pass|Road|LDV|Four Wheelers|Electricity,SI,2010,0.0003576354756351253
FE|Transport|Pass|Road|LDV|Four Wheelers|Electricity,SK,2010,0.0007685228362467435
FE|Transport|Pass|Road|LDV|Four Wheelers|Electricity,AT,2015,0.0014989560343725667
FE|Transport|Pass|Road|LDV|Four Wheelers|Electricity,BE,2015,0.001748312936306313
FE|Transport|Pass|Road|LDV|Four Wheelers|Electricity,BG,2015,0.000869079826498045
FE|Transport|Pass|Road|LDV|Four Wheelers|Electricity,CY,2015,0.0001808646641883033
FE|Transport|Pass|Road|LDV|Four Wheelers|Electricity,CZ,2015,0.001882806285625273
FE|Transport|Pass|Road|LDV|Four Wheelers|Electricity,DE,2015,0.01419415332605363
FE|Transport|Pass|Road|LDV|Four Wheelers|Electricity,DK,2015,0.0008175195568114909
FE|Transport|Pass|Road|LDV|Four Wheelers|Electricity,EE,2015,0.0002502900985547237
FE|Transport|Pass|Road|LDV|Four Wheelers|Electricity,EL,2015,0.001699227025318327
FE|Transport|Pass|Road|LDV|Four Wheelers|Electricity,ES,2015,0.007741410046620113
FE|Transport|Pass|Road|LDV|Four Wheelers|Electricity,EU27_2020,2015,0.0740457252391177
FE|Transport|Pass|Road|LDV|Four Wheelers|Electricity,FI,2015,0.0010749332296963129
FE|Transport|Pass|Road|LDV|Four Wheelers|Electricity,FR,2015,0.01134944941965585
FE|Transport|Pass|Road|LDV|Four Wheelers|Electricity,HR,2015,0.0005522081148781856
FE|Transport|Pass|Road|LDV|Four Wheelers|Electricity,HU,2015,0.0012051335276455325
FE|Transport|Pass|Road|LDV|Four Wheelers|Electricity,IE,2015,0.0006950233346839805
FE|Transport|Pass|Road|LDV|Four Wheelers|Electricity,IT,2015,0.011828362282953113
FE|Transport|Pass|Road|LDV|Four Wheelers|Electricity,LT,2015,0.0004916119116150256
FE|Transport|Pass|Road|LDV|Four Wheelers|Electricity,LU,2015,0.00013113725279698257
FE|Transport|Pass|Road|LDV|Four Wheelers|Electricity,LV,2015,0.00022598217678217902
FE|Transport|Pass|Road|LDV|Four Wheelers|Electricity,MT,2015,9.362378937336204e-05
FE|Transport|Pass|Road|LDV|Four Wheelers|Electricity,NL,2015,0.0026213322517616355
FE|Transport|Pass|Road|LDV|Four Wheelers|Electricity,PL,2015,0.006301374624551851
FE|Transport|Pass|Road|LDV|Four Wheelers|Electricity,PT,2015,0.0016905111192074553
FE|Transport|Pass|Road|LDV|Four Wheelers|Electricity,RO,2015,0.0023435637334968664
FE|Transport|Pass|Road|LDV|Four Wheelers|Electricity,SE,2015,0.0014386393853635813
FE|Transport|Pass|Road|LDV|Four Wheelers|Electricity,SI,2015,0.00035574941136763894
FE|Transport|Pass|Road|LDV|Four Wheelers|Electricity,SK,2015,0.0007644698729392917
FE|Transport|Pass|Road|LDV|Four Wheelers|Electricity,AT,2020,0.001941474381827253
FE|Transport|Pass|Road|LDV|Four Wheelers|Electricity,BE,2020,0.0022644458539283823
FE|Transport|Pass|Road|LDV|Four Wheelers|Electricity,BG,2020,0.0011256475708542693
FE|Transport|Pass|Road|LDV|Four Wheelers|Electricity,CY,2020,0.00023425911370800268
FE|Transport|Pass|Road|LDV|Four Wheelers|Electricity,CZ,2020,0.002438644020012822
FE|Transport|Pass|Road|LDV|Four Wheelers|Electricity,DE,2020,0.018384518573152334
FE|Transport|Pass|Road|LDV|Four Wheelers|Electricity,DK,2020,0.0010588657971256955
FE|Transport|Pass|Road|LDV|Four Wheelers|Electricity,EE,2020,0.0003241801648788291
FE|Transport|Pass|Road|LDV|Four Wheelers|Electricity,EL,2020,0.0022008689133734063
FE|Transport|Pass|Road|LDV|Four Wheelers|Electricity,ES,2020,0.010026811287379905
FE|Transport|Pass|Road|LDV|Four Wheelers|Electricity,EU27_2020,2020,0.0959053336716049
FE|Transport|Pass|Road|LDV|Four Wheelers|Electricity,FI,2020,0.0013922725415384048
FE|Transport|Pass|Road|LDV|Four Wheelers|Electricity,FR,2020,0.014700007732601238
FE|Transport|Pass|Road|LDV|Four Wheelers|Electricity,HR,2020,0.0007152297224794035
FE|Transport|Pass|Road|LDV|Four Wheelers|Electricity,HU,2020,0.0015609102715172525
FE|Transport|Pass|Road|LDV|Four Wheelers|Electricity,IE,2020,0.0009002065224854421
FE|Transport|Pass|Road|LDV|Four Wheelers|Electricity,IT,2020,0.015320304148171805
FE|Transport|Pass|Road|LDV|Four Wheelers|Electricity,LT,2020,0.0006367444476790213
FE|Transport|Pass|Road|LDV|Four Wheelers|Electricity,LU,2020,0.00016985129047838703
FE|Transport|Pass|Road|LDV|Four Wheelers|Electricity,LV,2020,0.0002926961144366088
FE|Transport|Pass|Road|LDV|Four Wheelers|Electricity,MT,2020,0.00012126318879930163
FE|Transport|Pass|Road|LDV|Four Wheelers|Electricity,NL,2020,0.0033951959205948436
FE|Transport|Pass|Road|LDV|Four Wheelers|Electricity,PL,2020,0.008161651925291216
FE|Transport|Pass|Road|LDV|Four Wheelers|Electricity,PT,2020,0.002189579917538547
FE|Transport|Pass|Road|LDV|Four Wheelers|Electricity,RO,2020,0.003035425220238781
FE|Transport|Pass|Road|LDV|Four Wheelers|Electricity,SE,2020,0.0018633511906439785
FE|Transport|Pass|Road|LDV|Four Wheelers|Electricity,SI,2020,0.00046077293308305757
FE|Transport|Pass|Road|LDV|Four Wheelers|Electricity,SK,2020,0.0009901549077866226
FE|Transport|Pass|Road|LDV|Four Wheelers|Electricity,AT,2025,0.004981716252520276
FE|Transport|Pass|Road|LDV|Four Wheelers|Electricity,BE,2025,0.005810443248213262
FE|Transport|Pass|Road|LDV|Four Wheelers|Electricity,BG,2025,0.002888349622752651
FE|Transport|Pass|Road|LDV|Four Wheelers|Electricity,CY,2025,0.0006010959737525859
FE|Transport|Pass|Road|LDV|Four Wheelers|Electricity,CZ,2025,0.006257426140835995
FE|Transport|Pass|Road|LDV|Four Wheelers|Electricity,DE,2025,0.047173661330743716
FE|Transport|Pass|Road|LDV|Four Wheelers|Electricity,DK,2025,0.0027169912722795155
FE|Transport|Pass|Road|LDV|Four Wheelers|Electricity,EE,2025,0.000831828434739172
FE|Transport|Pass|Road|LDV|Four Wheelers|Electricity,EL,2025,0.005647308323017827
FE|Transport|Pass|Road|LDV|Four Wheelers|Electricity,ES,2025,0.025728245100139928
FE|Transport|Pass|Road|LDV|Four Wheelers|Electricity,EU27_2020,2025,0.246087800038623
FE|Transport|Pass|Road|LDV|Four Wheelers|Electricity,FI,2025,0.0035724946015469597
FE|Transport|Pass|Road|LDV|Four Wheelers|Electricity,FR,2025,0.03771940959877637
FE|Transport|Pass|Road|LDV|Four Wheelers|Electricity,HR,2025,0.0018352400454585258
FE|Transport|Pass|Road|LDV|Four Wheelers|Electricity,HU,2025,0.004005209721605908
FE|Transport|Pass|Road|LDV|Four Wheelers|Electricity,IE,2025,0.0023098803186214338
FE|Transport|Pass|Road|LDV|Four Wheelers|Electricity,IT,2025,0.03931105601129284
FE|Transport|Pass|Road|LDV|Four Wheelers|Electricity,LT,2025,0.0016338511563151132
FE|Transport|Pass|Road|LDV|Four Wheelers|Electricity,LU,2025,0.0004358290494110734
FE|Transport|Pass|Road|LDV|Four Wheelers|Electricity,LV,2025,0.000751042096659573
FE|Transport|Pass|Road|LDV|Four Wheelers|Electricity,MT,2025,0.0003111546586081436
FE|Transport|Pass|Road|LDV|Four Wheelers|Electricity,NL,2025,0.008711885593977836
FE|Transport|Pass|Road|LDV|Four Wheelers|Electricity,PL,2025,0.020942348981895748
FE|Transport|Pass|Road|LDV|Four Wheelers|Electricity,PT,2025,0.005618341381938635
FE|Transport|Pass|Road|LDV|Four Wheelers|Electricity,RO,2025,0.007788733806902713
FE|Transport|Pass|Road|LDV|Four Wheelers|Electricity,SE,2025,0.004781256449980838
FE|Transport|Pass|Road|LDV|Four Wheelers|Electricity,SI,2025,0.0011823179491562033
FE|Transport|Pass|Road|LDV|Four Wheelers|Electricity,SK,2025,0.002540682917479891
FE|Transport|Pass|Road|LDV|Four Wheelers|Electricity,AT,2030,0.011283662363905302
FE|Transport|Pass|Road|LDV|Four Wheelers|Electricity,BE,2030,0.013160741494319944
FE|Transport|Pass|Road|LDV|Four Wheelers|Electricity,BG,2030,0.006542155409908407
FE|Transport|Pass|Road|LDV|Four Wheelers|Electricity,CY,2030,0.001361491436349015
FE|Transport|Pass|Road|LDV|Four Wheelers|Electricity,CZ,2030,0.014173164480122291
FE|Transport|Pass|Road|LDV|Four Wheelers|Electricity,DE,2030,0.10684905360798874
FE|Transport|Pass|Road|LDV|Four Wheelers|Electricity,DK,2030,0.006154026164490944
FE|Transport|Pass|Road|LDV|Four Wheelers|Electricity,EE,2030,0.0018841039365789232
FE|Transport|Pass|Road|LDV|Four Wheelers|Electricity,EL,2030,0.012791238431046322
FE|Transport|Pass|Road|LDV|Four Wheelers|Electricity,ES,2030,0.05827486276018052
FE|Transport|Pass|Road|LDV|Four Wheelers|Electricity,EU27_2020,2030,0.557392574518326
FE|Transport|Pass|Road|LDV|Four Wheelers|Electricity,FI,2030,0.008091754093850054
FE|Transport|Pass|Road|LDV|Four Wheelers|Electricity,FR,2030,0.08543503100224174
FE|Transport|Pass|Road|LDV|Four Wheelers|Electricity,HR,2030,0.004156846351735874
FE|Transport|Pass|Road|LDV|Four Wheelers|Electricity,HU,2030,0.009071860359844586
FE|Transport|Pass|Road|LDV|Four Wheelers|Electricity,IE,2030,0.005231913721133433
FE|Transport|Pass|Road|LDV|Four Wheelers|Electricity,IT,2030,0.08904013410550883
FE|Transport|Pass|Road|LDV|Four Wheelers|Electricity,LT,2030,0.003700697483805751
FE|Transport|Pass|Road|LDV|Four Wheelers|Electricity,LU,2030,0.0009871593628899356
FE|Transport|Pass|Road|LDV|Four Wheelers|Electricity,LV,2030,0.0017011216637436656
FE|Transport|Pass|Road|LDV|Four Wheelers|Electricity,MT,2030,0.0007047699894417507
FE|Transport|Pass|Road|LDV|Four Wheelers|Electricity,NL,2030,0.01973255211909852
FE|Transport|Pass|Road|LDV|Four Wheelers|Electricity,PL,2030,0.047434735950534906
FE|Transport|Pass|Road|LDV|Four Wheelers|Electricity,PT,2030,0.012725627873101079
FE|Transport|Pass|Road|LDV|Four Wheelers|Electricity,RO,2030,0.01764159941364852
FE|Transport|Pass|Road|LDV|Four Wheelers|Electricity,SE,2030,0.010829617891130317
FE|Transport|Pass|Road|LDV|Four Wheelers|Electricity,SI,2030,0.0026779679670262905
FE|Transport|Pass|Road|LDV|Four Wheelers|Electricity,SK,2030,0.0057546850846997896
FE|Transport|Pass|Road|LDV|Four Wheelers|Electricity,AT,2035,2195433346253.8267
FE|Transport|Pass|Road|LDV|Four Wheelers|Electricity,BE,2035,2560651835035.615
FE|Transport|Pass|Road|LDV|Four Wheelers|Electricity,BG,2035,1272890457023.2788
FE|Transport|Pass|Road|LDV|Four Wheelers|Electricity,CY,2035,264901908937.04874
FE|Transport|Pass|Road|LDV|Four Wheelers|Electricity,CZ,2035,2757636387733.1895
FE|Transport|Pass|Road|LDV|Four Wheelers|Electricity,DE,2035,20789347265212.973
FE|Transport|Pass|Road|LDV|Four Wheelers|Electricity,DK,2035,1197373141761.2048
FE|Transport|Pass|Road|LDV|Four Wheelers|Electricity,EE,2035,366585287362.4842
FE|Transport|Pass|Road|LDV|Four Wheelers|Electricity,EL,2035,2488758568426.6455
FE|Transport|Pass|Road|LDV|Four Wheelers|Electricity,ES,2035,11338391102637.158
FE|Transport|Pass|Road|LDV|Four Wheelers|Electricity,EU27_2020,2035,108450448585407.0
FE|Transport|Pass|Road|LDV|Four Wheelers|Electricity,FI,2035,1574391912341.4688
FE|Transport|Pass|Road|LDV|Four Wheelers|Electricity,FR,2035,16622875618872.53
FE|Transport|Pass|Road|LDV|Four Wheelers|Electricity,HR,2035,808786970181.5453
FE|Transport|Pass|Road|LDV|Four Wheelers|Electricity,HU,2035,1765088683464.2788
FE|Transport|Pass|Road|LDV|Four Wheelers|Electricity,IE,2035,1017960080482.5785
FE|Transport|Pass|Road|LDV|Four Wheelers|Electricity,IT,2035,17324311315399.023
FE|Transport|Pass|Road|LDV|Four Wheelers|Electricity,LT,2035,720035250818.4073
FE|Transport|Pass|Road|LDV|Four Wheelers|Electricity,LU,2035,192069074158.75204
FE|Transport|Pass|Road|LDV|Four Wheelers|Electricity,LV,2035,330982894220.97217
FE|Transport|Pass|Road|LDV|Four Wheelers|Electricity,MT,2035,137125295525.40254
FE|Transport|Pass|Road|LDV|Four Wheelers|Electricity,NL,2035,3839312231420.475
FE|Transport|Pass|Road|LDV|Four Wheelers|Electricity,PL,2035,9229255335543.957
FE|Transport|Pass|Road|LDV|Four Wheelers|Electricity,PT,2035,2475992889861.1396
FE|Transport|Pass|Road|LDV|Four Wheelers|Electricity,RO,2035,3432480907783.122
FE|Transport|Pass|Road|LDV|Four Wheelers|Electricity,SE,2035,2107091073677.4045
FE|Transport|Pass|Road|LDV|Four Wheelers|Electricity,SI,2035,521045382731.0592
FE|Transport|Pass|Road|LDV|Four Wheelers|Electricity,SK,2035,1119674368541.3481
FE|Transport|Pass|Road|LDV|Four Wheelers|Electricity,AT,2040,3171270547759.2783
FE|Transport|Pass|Road|LDV|Four Wheelers|Electricity,BE,2040,3698823178289.894
FE|Transport|Pass|Road|LDV|Four Wheelers|Electricity,BG,2040,1838671177956.6216
FE|Transport|Pass|Road|LDV|Four Wheelers|Electricity,CY,2040,382646835209.4289
FE|Transport|Pass|Road|LDV|Four Wheelers|Electricity,CZ,2040,3983364410843.956
FE|Transport|Pass|Road|LDV|Four Wheelers|Electricity,DE,2040,30029900384726.785
FE|Transport|Pass|Road|LDV|Four Wheelers|Electricity,DK,2040,1729587548455.8157
FE|Transport|Pass|Road|LDV|Four Wheelers|Electricity,EE,2040,529526950585.04846
FE|Transport|Pass|Road|LDV|Four Wheelers|Electricity,EL,2040,3594974432725.258
FE|Transport|Pass|Road|LDV|Four Wheelers|Electricity,ES,2040,16378135926615.309
FE|Transport|Pass|Road|LDV|Four Wheelers|Electricity,EU27_2020,2040,156655046748306.0
FE|Transport|Pass|Road|LDV|Four Wheelers|Electricity,FI,2040,2274185509097.0537
FE|Transport|Pass|Road|LDV|Four Wheelers|Electricity,FR,2040,24011494568554.066
FE|Transport|Pass|Road|LDV|Four Wheelers|Electricity,HR,2040,1168280650526.1377
FE|Transport|Pass|Road|LDV|Four Wheelers|Electricity,HU,2040,2549644135452.7456
FE|Transport|Pass|Road|LDV|Four Wheelers|Electricity,IE,2040,1470428071768.858
FE|Transport|Pass|Road|LDV|Four Wheelers|Electricity,IT,2040,25024707914036.477
FE|Transport|Pass|Road|LDV|Four Wheelers|Electricity,LT,2040,1040080122753.533
FE|Transport|Pass|Road|LDV|Four Wheelers|Electricity,LU,2040,277440897513.18787
FE|Transport|Pass|Road|LDV|Four Wheelers|Electricity,LV,2040,478099827556.2036
FE|Transport|Pass|Road|LDV|Four Wheelers|Electricity,MT,2040,198075433168.81888
FE|Transport|Pass|Road|LDV|Four Wheelers|Electricity,NL,2040,5545828947133.077
FE|Transport|Pass|Road|LDV|Four Wheelers|Electricity,PL,2040,13331520937906.365
FE|Transport|Pass|Road|LDV|Four Wheelers|Electricity,PT,2040,3576534601460.952
FE|Transport|Pass|Road|LDV|Four Wheelers|Electricity,RO,2040,4958167200645.284
FE|Transport|Pass|Road|LDV|Four Wheelers|Electricity,SE,2040,3043661459730.3584
FE|Transport|Pass|Road|LDV|Four Wheelers|Electricity,SI,2040,752642242188.9952
FE|Transport|Pass|Road|LDV|Four Wheelers|Electricity,SK,2040,1617352835646.3335
FE|Transport|Pass|Road|LDV|Four Wheelers|Electricity,AT,2045,3648174799259.226
FE|Transport|Pass|Road|LDV|Four Wheelers|Electricity,BE,2045,4255062222769.8354
FE|Transport|Pass|Road|LDV|Four Wheelers|Electricity,BG,2045,2115175528081.3687
FE|Transport|Pass|Road|LDV|Four Wheelers|Electricity,CY,2045,440190302342.2837
FE|Transport|Pass|Road|LDV|Four Wheelers|Electricity,CZ,2045,4582393536298.839
FE|Transport|Pass|Road|LDV|Four Wheelers|Electricity,DE,2045,34545878113500.246
FE|Transport|Pass|Road|LDV|Four Wheelers|Electricity,DK,2045,1989687607021.5417
FE|Transport|Pass|Road|LDV|Four Wheelers|Electricity,EE,2045,609158647160.4935
FE|Transport|Pass|Road|LDV|Four Wheelers|Electricity,EL,2045,4135596421666.4634
FE|Transport|Pass|Road|LDV|Four Wheelers|Electricity,ES,2045,18841124352678.72
FE|Transport|Pass|Road|LDV|Four Wheelers|Electricity,EU27_2020,2045,180213256837312.0
FE|Transport|Pass|Road|LDV|Four Wheelers|Electricity,FI,2045,2616183683536.7217
FE|Transport|Pass|Road|LDV|Four Wheelers|Electricity,FR,2045,27622408135263.91
FE|Transport|Pass|Road|LDV|Four Wheelers|Electricity,HR,2045,1343969857987.3904
FE|Transport|Pass|Road|LDV|Four Wheelers|Electricity,HU,2045,2933066523955.192
FE|Transport|Pass|Road|LDV|Four Wheelers|Electricity,IE,2045,1691555026530.5457
FE|Transport|Pass|Road|LDV|Four Wheelers|Electricity,IT,2045,28787991247015.07
FE|Transport|Pass|Road|LDV|Four Wheelers|Electricity,LT,2045,1196490187732.7632
FE|Transport|Pass|Road|LDV|Four Wheelers|Electricity,LU,2045,319163210879.8253
FE|Transport|Pass|Road|LDV|Four Wheelers|Electricity,LV,2045,549997774126.5613
FE|Transport|Pass|Road|LDV|Four Wheelers|Electricity,MT,2045,227862553117.52466
FE|Transport|Pass|Road|LDV|Four Wheelers|Electricity,NL,2045,6379825720082.013
FE|Transport|Pass|Road|LDV|Four Wheelers|Electricity,PL,2045,15336351152957.043
FE|Transport|Pass|Road|LDV|Four Wheelers|Electricity,PT,2045,4114383558648.969
FE|Transport|Pass|Road|LDV|Four Wheelers|Electricity,RO,2045,5703789809005.226
FE|Transport|Pass|Road|LDV|Four Wheelers|Electricity,SE,2045,3501375511058.321
FE|Transport|Pass|Road|LDV|Four Wheelers|Electricity,SI,2045,865826620422.5079
FE|Transport|Pass|Road|LDV|Four Wheelers|Electricity,SK,2045,1860574734213.2107
FE|Transport|Pass|Road|LDV|Four Wheelers|Electricity,AT,2050,3649158823482.201
FE|Transport|Pass|Road|LDV|Four Wheelers|Electricity,BE,2050,4256209943075.9795
FE|Transport|Pass|Road|LDV|Four Wheelers|Electricity,BG,2050,2115746055556.0664
FE|Transport|Pass|Road|LDV|Four Wheelers|Electricity,CY,2050,440309035118.00256
FE|Transport|Pass|Road|LDV|Four Wheelers|Electricity,CZ,2050,4583629547862.715
FE|Transport|Pass|Road|LDV|Four Wheelers|Electricity,DE,2050,34555196192467.992
FE|Transport|Pass|Road|LDV|Four Wheelers|Electricity,DK,2050,1990224286569.3147
FE|Transport|Pass|Road|LDV|Four Wheelers|Electricity,EE,2050,609322955862.0839
FE|Transport|Pass|Road|LDV|Four Wheelers|Electricity,EL,2050,4136711918395.457
FE|Transport|Pass|Road|LDV|Four Wheelers|Electricity,ES,2050,18846206379656.95
FE|Transport|Pass|Road|LDV|Four Wheelers|Electricity,EU27_2020,2050,180261865859573.0
FE|Transport|Pass|Road|LDV|Four Wheelers|Electricity,FI,2050,2616889348220.5728
FE|Transport|Pass|Road|LDV|Four Wheelers|Electricity,FR,2050,27629858742813.617
FE|Transport|Pass|Road|LDV|Four Wheelers|Electricity,HR,2050,1344332367726.6377
FE|Transport|Pass|Road|LDV|Four Wheelers|Electricity,HU,2050,2933857661624.2964
FE|Transport|Pass|Road|LDV|Four Wheelers|Electricity,IE,2050,1692011290611.1318
FE|Transport|Pass|Road|LDV|Four Wheelers|Electricity,IT,2050,28795756247947.49
FE|Transport|Pass|Road|LDV|Four Wheelers|Electricity,LT,2050,1196812917698.312
FE|Transport|Pass|Road|LDV|Four Wheelers|Electricity,LU,2050,319249298950.6744
FE|Transport|Pass|Road|LDV|Four Wheelers|Electricity,LV,2050,550146125332.8776
FE|Transport|Pass|Road|LDV|Four Wheelers|Electricity,MT,2050,227924014611.0425
FE|Transport|Pass|Road|LDV|Four Wheelers|Electricity,NL,2050,6381546554031.143
FE|Transport|Pass|Road|LDV|Four Wheelers|Electricity,PL,2050,15340487835505.707
FE|Transport|Pass|Road|LDV|Four Wheelers|Electricity,PT,2050,4115493333620.5923
FE|Transport|Pass|Road|LDV|Four Wheelers|Electricity,RO,2050,5705328295411.074
FE|Transport|Pass|Road|LDV|Four Wheelers|Electricity,SE,2050,3502319939027.4287
FE|Transport|Pass|Road|LDV|Four Wheelers|Electricity,SI,2050,866060160319.6548
FE|Transport|Pass|Road|LDV|Four Wheelers|Electricity,SK,2050,1861076588073.8025
FE|Transport|Pass|Road|LDV|Four Wheelers|Hydrogen,AT,2005,0.0003649194376363751
FE|Transport|Pass|Road|LDV|Four Wheelers|Hydrogen,BE,2005,0.00042562514103113827
FE|Transport|Pass|Road|LDV|Four Wheelers|Hydrogen,BG,2005,0.00021157666687638058
FE|Transport|Pass|Road|LDV|Four Wheelers|Hydrogen,CY,2005,4.403133249436112e-05
FE|Transport|Pass|Road|LDV|Four Wheelers|Hydrogen,CZ,2005,0.000458367420506901
FE|Transport|Pass|Road|LDV|Four Wheelers|Hydrogen,DE,2005,0.0034555532855479
FE|Transport|Pass|Road|LDV|Four Wheelers|Hydrogen,DK,2005,0.00019902436768484834
FE|Transport|Pass|Road|LDV|Four Wheelers|Hydrogen,EE,2005,6.0932889234989475e-05
FE|Transport|Pass|Road|LDV|Four Wheelers|Hydrogen,EL,2005,0.00041367522213901894
FE|Transport|Pass|Road|LDV|Four Wheelers|Hydrogen,ES,2005,0.0018846389993737753
FE|Transport|Pass|Road|LDV|Four Wheelers|Hydrogen,EU27_2020,2005,0.0180263622107814
FE|Transport|Pass|Road|LDV|Four Wheelers|Hydrogen,FI,2005,0.00026169148439475406
FE|Transport|Pass|Road|LDV|Four Wheelers|Hydrogen,FR,2005,0.0027630127933918375
FE|Transport|Pass|Road|LDV|Four Wheelers|Hydrogen,HR,2005,0.00013443454652353366
FE|Transport|Pass|Road|LDV|Four Wheelers|Hydrogen,HU,2005,0.00029338862454977236
FE|Transport|Pass|Road|LDV|Four Wheelers|Hydrogen,IE,2005,0.00016920277754724124
FE|Transport|Pass|Road|LDV|Four Wheelers|Hydrogen,IT,2005,0.002879603679811276
FE|Transport|Pass|Road|LDV|Four Wheelers|Hydrogen,LT,2005,0.00011968245779602953
FE|Transport|Pass|Road|LDV|Four Wheelers|Hydrogen,LU,2005,3.192524093202306e-05
FE|Transport|Pass|Road|LDV|Four Wheelers|Hydrogen,LV,2005,5.501514852749835e-05
FE|Transport|Pass|Road|LDV|Four Wheelers|Hydrogen,MT,2005,2.2792623522019814e-05
FE|Transport|Pass|Road|LDV|Four Wheelers|Hydrogen,NL,2005,0.0006381608727912772
FE|Transport|Pass|Road|LDV|Four Wheelers|Hydrogen,PL,2005,0.001534063729420929
FE|Transport|Pass|Road|LDV|Four Wheelers|Hydrogen,PT,2005,0.00041155334298877285
FE|Transport|Pass|Road|LDV|Four Wheelers|Hydrogen,RO,2005,0.000570538388105996
FE|Transport|Pass|Road|LDV|Four Wheelers|Hydrogen,SE,2005,0.00035023540612928505
FE|Transport|Pass|Road|LDV|Four Wheelers|Hydrogen,SI,2005,8.66068598136638e-05
FE|Transport|Pass|Road|LDV|Four Wheelers|Hydrogen,SK,2005,0.00018610947200978364
FE|Transport|Pass|Road|LDV|Four Wheelers|Hydrogen,AT,2010,0.00037779653475852534
FE|Transport|Pass|Road|LDV|Four Wheelers|Hydrogen,BE,2010,0.00044064439107215206
FE|Transport|Pass|Road|LDV|Four Wheelers|Hydrogen,BG,2010,0.00021904267993886592
FE|Transport|Pass|Road|LDV|Four Wheelers|Hydrogen,CY,2010,4.558508843737165e-05
FE|Transport|Pass|Road|LDV|Four Wheelers|Hydrogen,CZ,2010,0.00047454206395622676
FE|Transport|Pass|Road|LDV|Four Wheelers|Hydrogen,DE,2010,0.003577491145468383
FE|Transport|Pass|Road|LDV|Four Wheelers|Hydrogen,DK,2010,0.00020604744140476924
FE|Transport|Pass|Road|LDV|Four Wheelers|Hydrogen,EE,2010,6.308305897572561e-05
FE|Transport|Pass|Road|LDV|Four Wheelers|Hydrogen,EL,2010,0.00042827278933635544
FE|Transport|Pass|Road|LDV|Four Wheelers|Hydrogen,ES,2010,0.001951143210802794
FE|Transport|Pass|Road|LDV|Four Wheelers|Hydrogen,EU27_2020,2010,0.0186624675891378
FE|Transport|Pass|Road|LDV|Four Wheelers|Hydrogen,FI,2010,0.00027092592441915417
FE|Transport|Pass|Road|LDV|Four Wheelers|Hydrogen,FR,2010,0.002860512626014356
FE|Transport|Pass|Road|LDV|Four Wheelers|Hydrogen,HR,2010,0.00013917840649265033
FE|Transport|Pass|Road|LDV|Four Wheelers|Hydrogen,HU,2010,0.0003037415776216394
FE|Transport|Pass|Road|LDV|Four Wheelers|Hydrogen,IE,2010,0.00017517352170361177
FE|Transport|Pass|Road|LDV|Four Wheelers|Hydrogen,IT,2010,0.0029812177141263795
FE|Transport|Pass|Road|LDV|Four Wheelers|Hydrogen,LT,2010,0.00012390575333446236
FE|Transport|Pass|Road|LDV|Four Wheelers|Hydrogen,LU,2010,3.3051803087200316e-05
FE|Transport|Pass|Road|LDV|Four Wheelers|Hydrogen,LV,2010,5.695649595301982e-05
FE|Transport|Pass|Road|LDV|Four Wheelers|Hydrogen,MT,2010,2.3596918378612567e-05
FE|Transport|Pass|Road|LDV|Four Wheelers|Hydrogen,NL,2010,0.0006606799789033445
FE|Transport|Pass|Road|LDV|Four Wheelers|Hydrogen,PL,2010,0.001588197013641885
FE|Transport|Pass|Road|LDV|Four Wheelers|Hydrogen,PT,2010,0.00042607603436125283
FE|Transport|Pass|Road|LDV|Four Wheelers|Hydrogen,RO,2010,0.0005906712653326588
FE|Transport|Pass|Road|LDV|Four Wheelers|Hydrogen,SE,2010,0.00036259434039037685
FE|Transport|Pass|Road|LDV|Four Wheelers|Hydrogen,SI,2010,8.966299996472993e-05
FE|Transport|Pass|Road|LDV|Four Wheelers|Hydrogen,SK,2010,0.00019267681126127655
FE|Transport|Pass|Road|LDV|Four Wheelers|Hydrogen,AT,2015,0.00034080557026000264
FE|Transport|Pass|Road|LDV|Four Wheelers|Hydrogen,BE,2015,0.00039749984228204353
FE|Transport|Pass|Road|LDV|Four Wheelers|Hydrogen,BG,2015,0.00019759568598361757
FE|Transport|Pass|Road|LDV|Four Wheelers|Hydrogen,CY,2015,4.112174313663558e-05
FE|Transport|Pass|Road|LDV|Four Wheelers|Hydrogen,CZ,2015,0.0004280785127431902
FE|Transport|Pass|Road|LDV|Four Wheelers|Hydrogen,DE,2015,0.0032272104102562824
FE|Transport|Pass|Road|LDV|Four Wheelers|Hydrogen,DK,2015,0.0001858728424109301
FE|Transport|Pass|Road|LDV|Four Wheelers|Hydrogen,EE,2015,5.690644542758713e-05
FE|Transport|Pass|Road|LDV|Four Wheelers|Hydrogen,EL,2015,0.00038633957373354367
FE|Transport|Pass|Road|LDV|Four Wheelers|Hydrogen,ES,2015,0.0017601021010994684
FE|Transport|Pass|Road|LDV|Four Wheelers|Hydrogen,EU27_2020,2015,0.016835180643571
FE|Transport|Pass|Road|LDV|Four Wheelers|Hydrogen,FI,2015,0.0002443989176049599
FE|Transport|Pass|Road|LDV|Four Wheelers|Hydrogen,FR,2015,0.002580432976622905
FE|Transport|Pass|Road|LDV|Four Wheelers|Hydrogen,HR,2015,0.00012555111502789075
FE|Transport|Pass|Road|LDV|Four Wheelers|Hydrogen,HU,2015,0.00027400151152572137
FE|Transport|Pass|Road|LDV|Four Wheelers|Hydrogen,IE,2015,0.0001580218622090079
FE|Transport|Pass|Road|LDV|Four Wheelers|Hydrogen,IT,2015,0.0026893195401632387
FE|Transport|Pass|Road|LDV|Four Wheelers|Hydrogen,LT,2015,0.00011177384395713745
FE|Transport|Pass|Road|LDV|Four Wheelers|Hydrogen,LU,2015,2.9815621804086524e-05
FE|Transport|Pass|Road|LDV|Four Wheelers|Hydrogen,LV,2015,5.1379748879082116e-05
FE|Transport|Pass|Road|LDV|Four Wheelers|Hydrogen,MT,2015,2.128648752573112e-05
FE|Transport|Pass|Road|LDV|Four Wheelers|Hydrogen,NL,2015,0.0005959912181657188
FE|Transport|Pass|Road|LDV|Four Wheelers|Hydrogen,PL,2015,0.0014326928362786992
FE|Transport|Pass|Road|LDV|Four Wheelers|Hydrogen,PT,2015,0.00038435790830484973
FE|Transport|Pass|Road|LDV|Four Wheelers|Hydrogen,RO,2015,0.0005328372255890615
FE|Transport|Pass|Road|LDV|Four Wheelers|Hydrogen,SE,2015,0.0003270918591902286
FE|Transport|Pass|Road|LDV|Four Wheelers|Hydrogen,SI,2015,8.088388066802621e-05
FE|Transport|Pass|Road|LDV|Four Wheelers|Hydrogen,SK,2015,0.00017381136272133702
FE|Transport|Pass|Road|LDV|Four Wheelers|Hydrogen,AT,2020,0.00029967119560287423
FE|Transport|Pass|Road|LDV|Four Wheelers|Hydrogen,BE,2020,0.0003495226116689851
FE|Transport|Pass|Road|LDV|Four Wheelers|Hydrogen,BG,2020,0.00017374638395583223
FE|Transport|Pass|Road|LDV|Four Wheelers|Hydrogen,CY,2020,3.6158452227258436e-05
FE|Transport|Pass|Road|LDV|Four Wheelers|Hydrogen,CZ,2020,0.000376410513559929
FE|Transport|Pass|Road|LDV|Four Wheelers|Hydrogen,DE,2020,0.0028376942353545874
FE|Transport|Pass|Road|LDV|Four Wheelers|Hydrogen,DK,2020,0.00016343845810059271
FE|Transport|Pass|Road|LDV|Four Wheelers|Hydrogen,EE,2020,5.003798067556449e-05
FE|Transport|Pass|Road|LDV|Four Wheelers|Hydrogen,EL,2020,0.0003397093594482933
FE|Transport|Pass|Road|LDV|Four Wheelers|Hydrogen,ES,2020,0.0015476622069798109
FE|Transport|Pass|Road|LDV|Four Wheelers|Hydrogen,EU27_2020,2020,0.0148032167074042
FE|Transport|Pass|Road|LDV|Four Wheelers|Hydrogen,FI,2020,0.00021490058330575983
FE|Transport|Pass|Road|LDV|Four Wheelers|Hydrogen,FR,2020,0.002268981210276958
FE|Transport|Pass|Road|LDV|Four Wheelers|Hydrogen,HR,2020,0.00011039741140668093
FE|Transport|Pass|Road|LDV|Four Wheelers|Hydrogen,HU,2020,0.00024093021863834312
FE|Transport|Pass|Road|LDV|Four Wheelers|Hydrogen,IE,2020,0.00013894902111910595
FE|Transport|Pass|Road|LDV|Four Wheelers|Hydrogen,IT,2020,0.0023647254396225235
FE|Transport|Pass|Road|LDV|Four Wheelers|Hydrogen,LT,2020,9.828302228220811e-05
FE|Transport|Pass|Road|LDV|Four Wheelers|Hydrogen,LU,2020,2.6216951286498218e-05
FE|Transport|Pass|Road|LDV|Four Wheelers|Hydrogen,LV,2020,4.517834249194779e-05
FE|Transport|Pass|Road|LDV|Four Wheelers|Hydrogen,MT,2020,1.8717262051072035e-05
FE|Transport|Pass|Road|LDV|Four Wheelers|Hydrogen,NL,2020,0.0005240565780080364
FE|Transport|Pass|Road|LDV|Four Wheelers|Hydrogen,PL,2020,0.0012597704164628739
FE|Transport|Pass|Road|LDV|Four Wheelers|Hydrogen,PT,2020,0.00033796687604977215
FE|Transport|Pass|Road|LDV|Four Wheelers|Hydrogen,RO,2020,0.00046852511340168156
FE|Transport|Pass|Road|LDV|Four Wheelers|Hydrogen,SE,2020,0.00028761269494721796
FE|Transport|Pass|Road|LDV|Four Wheelers|Hydrogen,SI,2020,7.11213998242337e-05
FE|Transport|Pass|Road|LDV|Four Wheelers|Hydrogen,SK,2020,0.00015283276865554453
FE|Transport|Pass|Road|LDV|Four Wheelers|Hydrogen,AT,2025,0.00036605826188379487
FE|Transport|Pass|Road|LDV|Four Wheelers|Hydrogen,BE,2025,0.0004269534129205647
FE|Transport|Pass|Road|LDV|Four Wheelers|Hydrogen,BG,2025,0.00021223694586833486
FE|Transport|Pass|Road|LDV|Four Wheelers|Hydrogen,CY,2025,4.416874350599582e-05
FE|Transport|Pass|Road|LDV|Four Wheelers|Hydrogen,CZ,2025,0.0004597978730365923
FE|Transport|Pass|Road|LDV|Four Wheelers|Hydrogen,DE,2025,0.0034663372215731282
FE|Transport|Pass|Road|LDV|Four Wheelers|Hydrogen,DK,2025,0.00019964547402331843
FE|Transport|Pass|Road|LDV|Four Wheelers|Hydrogen,EE,2025,6.112304586839768e-05
FE|Transport|Pass|Road|LDV|Four Wheelers|Hydrogen,EL,2025,0.00041496620125643747
FE|Transport|Pass|Road|LDV|Four Wheelers|Hydrogen,ES,2025,0.0018905204964078093
FE|Transport|Pass|Road|LDV|Four Wheelers|Hydrogen,EU27_2020,2025,0.0180826180751206
FE|Transport|Pass|Road|LDV|Four Wheelers|Hydrogen,FI,2025,0.00026250815946611317
FE|Transport|Pass|Road|LDV|Four Wheelers|Hydrogen,FR,2025,0.0027716354800468054
FE|Transport|Pass|Road|LDV|Four Wheelers|Hydrogen,HR,2025,0.00013485408383912174
FE|Transport|Pass|Road|LDV|Four Wheelers|Hydrogen,HU,2025,0.000294304218637384
FE|Transport|Pass|Road|LDV|Four Wheelers|Hydrogen,IE,2025,0.00016973081800200477
FE|Transport|Pass|Road|LDV|Four Wheelers|Hydrogen,IT,2025,0.0028885902180860496
FE|Transport|Pass|Road|LDV|Four Wheelers|Hydrogen,LT,2025,0.00012005595745341068
FE|Transport|Pass|Road|LDV|Four Wheelers|Hydrogen,LU,2025,3.202487179497077e-05
FE|Transport|Pass|Road|LDV|Four Wheelers|Hydrogen,LV,2025,5.518683734058083e-05
FE|Transport|Pass|Road|LDV|Four Wheelers|Hydrogen,MT,2025,2.2863753721324382e-05
FE|Transport|Pass|Road|LDV|Four Wheelers|Hydrogen,NL,2025,0.0006401524166794201
FE|Transport|Pass|Road|LDV|Four Wheelers|Hydrogen,PL,2025,0.0015388511668440147
FE|Transport|Pass|Road|LDV|Four Wheelers|Hydrogen,PT,2025,0.00041283770024071317
FE|Transport|Pass|Road|LDV|Four Wheelers|Hydrogen,RO,2025,0.0005723188987706713
FE|Transport|Pass|Road|LDV|Four Wheelers|Hydrogen,SE,2025,0.00035132840510842514
FE|Transport|Pass|Road|LDV|Four Wheelers|Hydrogen,SI,2025,8.687713862530376e-05
FE|Transport|Pass|Road|LDV|Four Wheelers|Hydrogen,SK,2025,0.00018669027411989328
FE|Transport|Pass|Road|LDV|Four Wheelers|Hydrogen,AT,2030,0.0004895165277484191
FE|Transport|Pass|Road|LDV|Four Wheelers|Hydrogen,BE,2030,0.0005709494197116609
FE|Transport|Pass|Road|LDV|Four Wheelers|Hydrogen,BG,2030,0.00028381682267392025
FE|Transport|Pass|Road|LDV|Four Wheelers|Hydrogen,CY,2030,5.9065269678107405e-05
FE|Transport|Pass|Road|LDV|Four Wheelers|Hydrogen,CZ,2030,0.0006148711331269783
FE|Transport|Pass|Road|LDV|Four Wheelers|Hydrogen,DE,2030,0.004635407904680044
FE|Transport|Pass|Road|LDV|Four Wheelers|Hydrogen,DK,2030,0.0002669787009358809
FE|Transport|Pass|Road|LDV|Four Wheelers|Hydrogen,EE,2030,8.173764751252554e-05
FE|Transport|Pass|Road|LDV|Four Wheelers|Hydrogen,EL,2030,0.0005549193533473298
FE|Transport|Pass|Road|LDV|Four Wheelers|Hydrogen,ES,2030,0.002528124960972878
FE|Transport|Pass|Road|LDV|Four Wheelers|Hydrogen,EU27_2020,2030,0.0241812337937173
FE|Transport|Pass|Road|LDV|Four Wheelers|Hydrogen,FI,2030,0.00035104270578729073
FE|Transport|Pass|Road|LDV|Four Wheelers|Hydrogen,FR,2030,0.0037064082897479817
FE|Transport|Pass|Road|LDV|Four Wheelers|Hydrogen,HR,2030,0.000180335508708111
FE|Transport|Pass|Road|LDV|Four Wheelers|Hydrogen,HU,2030,0.0003935624303838763
FE|Transport|Pass|Road|LDV|Four Wheelers|Hydrogen,IE,2030,0.00022697490900127777
FE|Transport|Pass|Road|LDV|Four Wheelers|Hydrogen,IT,2030,0.0038628076480743652
FE|Transport|Pass|Road|LDV|Four Wheelers|Hydrogen,LT,2030,0.0001605465073392111
FE|Transport|Pass|Road|LDV|Four Wheelers|Hydrogen,LU,2030,4.2825707476147453e-05
FE|Transport|Pass|Road|LDV|Four Wheelers|Hydrogen,LV,2030,7.379936967780771e-05
FE|Transport|Pass|Road|LDV|Four Wheelers|Hydrogen,MT,2030,3.0574874270999694e-05
FE|Transport|Pass|Road|LDV|Four Wheelers|Hydrogen,NL,2030,0.0008560527677480658
FE|Transport|Pass|Road|LDV|Four Wheelers|Hydrogen,PL,2030,0.0020578502341089574
FE|Transport|Pass|Road|LDV|Four Wheelers|Hydrogen,PT,2030,0.0005520729856102259
FE|Transport|Pass|Road|LDV|Four Wheelers|Hydrogen,RO,2030,0.0007653414476954343
FE|Transport|Pass|Road|LDV|Four Wheelers|Hydrogen,SE,2030,0.00046981882087027333
FE|Transport|Pass|Road|LDV|Four Wheelers|Hydrogen,SI,2030,0.00011617766806224197
FE|Transport|Pass|Road|LDV|Four Wheelers|Hydrogen,SK,2030,0.00024965417876726356
FE|Transport|Pass|Road|LDV|Four Wheelers|Hydrogen,AT,2035,0.001244659013519201
FE|Transport|Pass|Road|LDV|Four Wheelers|Hydrogen,BE,2035,0.0014517126618304893
FE|Transport|Pass|Road|LDV|Four Wheelers|Hydrogen,BG,2035,0.0007216409385691399
FE|Transport|Pass|Road|LDV|Four Wheelers|Hydrogen,CY,2035,0.0001501810789289252
FE|Transport|Pass|Road|LDV|Four Wheelers|Hydrogen,CZ,2035,0.0015633892925318693
FE|Transport|Pass|Road|LDV|Four Wheelers|Hydrogen,DE,2035,0.01178612345621011
FE|Transport|Pass|Road|LDV|Four Wheelers|Hydrogen,DK,2035,0.0006788278386961255
FE|Transport|Pass|Road|LDV|Four Wheelers|Hydrogen,EE,2035,0.0002078285286673832
FE|Transport|Pass|Road|LDV|Four Wheelers|Hydrogen,EL,2035,0.0014109541471395823
FE|Transport|Pass|Road|LDV|Four Wheelers|Hydrogen,ES,2035,0.006428084327307849
FE|Transport|Pass|Road|LDV|Four Wheelers|Hydrogen,EU27_2020,2035,0.0614839109474022
FE|Transport|Pass|Road|LDV|Four Wheelers|Hydrogen,FI,2035,0.0008925714314448526
FE|Transport|Pass|Road|LDV|Four Wheelers|Hydrogen,FR,2035,0.009424021915738084
FE|Transport|Pass|Road|LDV|Four Wheelers|Hydrogen,HR,2035,0.00045852632883210267
FE|Transport|Pass|Road|LDV|Four Wheelers|Hydrogen,HU,2035,0.0010006833244485822
FE|Transport|Pass|Road|LDV|Four Wheelers|Hydrogen,IE,2035,0.0005771130295243707
FE|Transport|Pass|Road|LDV|Four Wheelers|Hydrogen,IT,2035,0.009821687489860634
FE|Transport|Pass|Road|LDV|Four Wheelers|Hydrogen,LT,2035,0.00040821023626698373
FE|Transport|Pass|Road|LDV|Four Wheelers|Hydrogen,LU,2035,0.00010888989400561806
FE|Transport|Pass|Road|LDV|Four Wheelers|Hydrogen,LV,2035,0.00018764443170900805
FE|Transport|Pass|Road|LDV|Four Wheelers|Hydrogen,MT,2035,7.774056786939402e-05
FE|Transport|Pass|Road|LDV|Four Wheelers|Hydrogen,NL,2035,0.002176624757342793
FE|Transport|Pass|Road|LDV|Four Wheelers|Hydrogen,PL,2035,0.00523235007842814
FE|Transport|Pass|Road|LDV|Four Wheelers|Hydrogen,PT,2035,0.001403716889439476
FE|Transport|Pass|Road|LDV|Four Wheelers|Hydrogen,RO,2035,0.0019459795069136617
FE|Transport|Pass|Road|LDV|Four Wheelers|Hydrogen,SE,2035,0.001194575048991361
FE|Transport|Pass|Road|LDV|Four Wheelers|Hydrogen,SI,2035,0.0002953967302971789
FE|Transport|Pass|Road|LDV|Four Wheelers|Hydrogen,SK,2035,0.0006347780028892233
FE|Transport|Pass|Road|LDV|Four Wheelers|Hydrogen,AT,2040,0.0023945836039533934
FE|Transport|Pass|Road|LDV|Four Wheelers|Hydrogen,BE,2040,0.0027929314775473643
FE|Transport|Pass|Road|LDV|Four Wheelers|Hydrogen,BG,2040,0.00138835579919459
FE|Transport|Pass|Road|LDV|Four Wheelers|Hydrogen,CY,2040,0.0002889314626103312
FE|Transport|Pass|Road|LDV|Four Wheelers|Hydrogen,CZ,2040,0.0030077847232296263
FE|Transport|Pass|Road|LDV|Four Wheelers|Hydrogen,DE,2040,0.02267517261825208
FE|Transport|Pass|Road|LDV|Four Wheelers|Hydrogen,DK,2040,0.001305988222310644
FE|Transport|Pass|Road|LDV|Four Wheelers|Hydrogen,EE,2040,0.0003998386560296229
FE|Transport|Pass|Road|LDV|Four Wheelers|Hydrogen,EL,2040,0.0027145166908947678
FE|Transport|Pass|Road|LDV|Four Wheelers|Hydrogen,ES,2040,0.012366909465010432
FE|Transport|Pass|Road|LDV|Four Wheelers|Hydrogen,EU27_2020,2040,0.118288112215811
FE|Transport|Pass|Road|LDV|Four Wheelers|Hydrogen,FI,2040,0.0017172067946962105
FE|Transport|Pass|Road|LDV|Four Wheelers|Hydrogen,FR,2040,0.018130755586558675
FE|Transport|Pass|Road|LDV|Four Wheelers|Hydrogen,HR,2040,0.0008821529568149123
FE|Transport|Pass|Road|LDV|Four Wheelers|Hydrogen,HU,2040,0.0019252018869802552
FE|Transport|Pass|Road|LDV|Four Wheelers|Hydrogen,IE,2040,0.001110300398033963
FE|Transport|Pass|Road|LDV|Four Wheelers|Hydrogen,IT,2040,0.018895819313497157
FE|Transport|Pass|Road|LDV|Four Wheelers|Hydrogen,LT,2040,0.0007853504679703832
FE|Transport|Pass|Road|LDV|Four Wheelers|Hydrogen,LU,2040,0.00020949187849034404
FE|Transport|Pass|Road|LDV|Four Wheelers|Hydrogen,LV,2040,0.000361006729283298
FE|Transport|Pass|Road|LDV|Four Wheelers|Hydrogen,MT,2040,0.0001495640871596879
FE|Transport|Pass|Road|LDV|Four Wheelers|Hydrogen,NL,2040,0.004187580613870419
FE|Transport|Pass|Road|LDV|Four Wheelers|Hydrogen,PL,2040,0.010066451591847962
FE|Transport|Pass|Road|LDV|Four Wheelers|Hydrogen,PT,2040,0.0027005930230965813
FE|Transport|Pass|Road|LDV|Four Wheelers|Hydrogen,RO,2040,0.0037438451578070526
FE|Transport|Pass|Road|LDV|Four Wheelers|Hydrogen,SE,2040,0.002298227703279639
FE|Transport|Pass|Road|LDV|Four Wheelers|Hydrogen,SI,2040,0.0005683100024568738
FE|Transport|Pass|Road|LDV|Four Wheelers|Hydrogen,SK,2040,0.0012212413049346104
FE|Transport|Pass|Road|LDV|Four Wheelers|Hydrogen,AT,2045,0.00321888210022612
FE|Transport|Pass|Road|LDV|Four Wheelers|Hydrogen,BE,2045,0.0037543550892910394
FE|Transport|Pass|Road|LDV|Four Wheelers|Hydrogen,BG,2045,0.0018662758833704837
FE|Transport|Pass|Road|LDV|Four Wheelers|Hydrogen,CY,2045,0.0003883916651116639
FE|Transport|Pass|Road|LDV|Four Wheelers|Hydrogen,CZ,2045,0.004043168253116402
FE|Transport|Pass|Road|LDV|Four Wheelers|Hydrogen,DE,2045,0.030480751283825158
FE|Transport|Pass|Road|LDV|Four Wheelers|Hydrogen,DK,2045,0.0017555545377331847
FE|Transport|Pass|Road|LDV|Four Wheelers|Hydrogen,EE,2045,0.0005374769503755743
FE|Transport|Pass|Road|LDV|Four Wheelers|Hydrogen,EL,2045,0.0036489472209951176
FE|Transport|Pass|Road|LDV|Four Wheelers|Hydrogen,ES,2045,0.016624027428534024
FE|Transport|Pass|Road|LDV|Four Wheelers|Hydrogen,EU27_2020,2045,0.159006971588879
FE|Transport|Pass|Road|LDV|Four Wheelers|Hydrogen,FI,2045,0.002308328765263644
FE|Transport|Pass|Road|LDV|Four Wheelers|Hydrogen,FR,2045,0.024371988735242486
FE|Transport|Pass|Road|LDV|Four Wheelers|Hydrogen,HR,2045,0.0011858205149592824
FE|Transport|Pass|Road|LDV|Four Wheelers|Hydrogen,HU,2045,0.002587922962092957
FE|Transport|Pass|Road|LDV|Four Wheelers|Hydrogen,IE,2045,0.0014925041962222593
FE|Transport|Pass|Road|LDV|Four Wheelers|Hydrogen,IT,2045,0.02540041385771839
FE|Transport|Pass|Road|LDV|Four Wheelers|Hydrogen,LT,2045,0.0010556952614143415
FE|Transport|Pass|Road|LDV|Four Wheelers|Hydrogen,LU,2045,0.0002816062286161208
FE|Transport|Pass|Road|LDV|Four Wheelers|Hydrogen,LV,2045,0.00048527773139041416
FE|Transport|Pass|Road|LDV|Four Wheelers|Hydrogen,MT,2045,0.0002010492188287567
FE|Transport|Pass|Road|LDV|Four Wheelers|Hydrogen,NL,2045,0.005629090694092864
FE|Transport|Pass|Road|LDV|Four Wheelers|Hydrogen,PL,2045,0.013531672391098025
FE|Transport|Pass|Road|LDV|Four Wheelers|Hydrogen,PT,2045,0.0036302305451726144
FE|Transport|Pass|Road|LDV|Four Wheelers|Hydrogen,RO,2045,0.0050326061468839445
FE|Transport|Pass|Road|LDV|Four Wheelers|Hydrogen,SE,2045,0.0030893571659461683
FE|Transport|Pass|Road|LDV|Four Wheelers|Hydrogen,SI,2045,0.0007639419610439704
FE|Transport|Pass|Road|LDV|Four Wheelers|Hydrogen,SK,2045,0.0016416348003138325
FE|Transport|Pass|Road|LDV|Four Wheelers|Hydrogen,AT,2050,0.0033011938807291333
FE|Transport|Pass|Road|LDV|Four Wheelers|Hydrogen,BE,2050,0.0038503597401039363
FE|Transport|Pass|Road|LDV|Four Wheelers|Hydrogen,BG,2050,0.0019139994364820645
FE|Transport|Pass|Road|LDV|Four Wheelers|Hydrogen,CY,2050,0.0003983234390917128
FE|Transport|Pass|Road|LDV|Four Wheelers|Hydrogen,CZ,2050,0.004146558302029311
FE|Transport|Pass|Road|LDV|Four Wheelers|Hydrogen,DE,2050,0.03126019111141776
FE|Transport|Pass|Road|LDV|Four Wheelers|Hydrogen,DK,2050,0.0018004467752465781
FE|Transport|Pass|Road|LDV|Four Wheelers|Hydrogen,EE,2050,0.0005512210650673287
FE|Transport|Pass|Road|LDV|Four Wheelers|Hydrogen,EL,2050,0.0037422564300216084
FE|Transport|Pass|Road|LDV|Four Wheelers|Hydrogen,ES,2050,0.017049129452829177
FE|Transport|Pass|Road|LDV|Four Wheelers|Hydrogen,EU27_2020,2050,0.163073025124345
FE|Transport|Pass|Road|LDV|Four Wheelers|Hydrogen,FI,2050,0.0023673562924420464
FE|Transport|Pass|Road|LDV|Four Wheelers|Hydrogen,FR,2050,0.024995218081560033
FE|Transport|Pass|Road|LDV|Four Wheelers|Hydrogen,HR,2050,0.0012161437746824146
FE|Transport|Pass|Road|LDV|Four Wheelers|Hydrogen,HU,2050,0.002654100144164813
FE|Transport|Pass|Road|LDV|Four Wheelers|Hydrogen,IE,2050,0.001530669830741971
FE|Transport|Pass|Road|LDV|Four Wheelers|Hydrogen,IT,2050,0.026049941620787227
FE|Transport|Pass|Road|LDV|Four Wheelers|Hydrogen,LT,2050,0.0010826910176831106
FE|Transport|Pass|Road|LDV|Four Wheelers|Hydrogen,LU,2050,0.00028880733426596834
FE|Transport|Pass|Road|LDV|Four Wheelers|Hydrogen,LV,2050,0.0004976870315342131
FE|Transport|Pass|Road|LDV|Four Wheelers|Hydrogen,MT,2050,0.00020619035747728698
FE|Transport|Pass|Road|LDV|Four Wheelers|Hydrogen,NL,2050,0.005773035226143658
FE|Transport|Pass|Road|LDV|Four Wheelers|Hydrogen,PL,2050,0.013877698127056635
FE|Transport|Pass|Road|LDV|Four Wheelers|Hydrogen,PT,2050,0.003723061139927418
FE|Transport|Pass|Road|LDV|Four Wheelers|Hydrogen,RO,2050,0.005161297648971369
FE|Transport|Pass|Road|LDV|Four Wheelers|Hydrogen,SE,2050,0.00316835679408443
FE|Transport|Pass|Road|LDV|Four Wheelers|Hydrogen,SI,2050,0.0007834771353860425
FE|Transport|Pass|Road|LDV|Four Wheelers|Hydrogen,SK,2050,0.0016836139344175785
FE|Transport|Pass|Road|LDV|Four Wheelers|Gases,AT,2005,0.0016505911384658916
FE|Transport|Pass|Road|LDV|Four Wheelers|Gases,BE,2005,0.0019251731029859061
FE|Transport|Pass|Road|LDV|Four Wheelers|Gases,BG,2005,0.000956996354357784
FE|Transport|Pass|Road|LDV|Four Wheelers|Gases,CY,2005,0.00019916101948632735
FE|Transport|Pass|Road|LDV|Four Wheelers|Gases,CZ,2005,0.0020732718633750965
FE|Transport|Pass|Road|LDV|Four Wheelers|Gases,DE,2005,0.015630040615445463
FE|Transport|Pass|Road|LDV|Four Wheelers|Gases,DK,2005,0.0009002202233105777
FE|Transport|Pass|Road|LDV|Four Wheelers|Gases,EE,2005,0.0002756095637542219
FE|Transport|Pass|Road|LDV|Four Wheelers|Gases,EL,2005,0.001871121637937961
FE|Transport|Pass|Road|LDV|Four Wheelers|Gases,ES,2005,0.00852453476230913
FE|Transport|Pass|Road|LDV|Four Wheelers|Gases,EU27_2020,2005,0.0815362259588397
FE|Transport|Pass|Road|LDV|Four Wheelers|Gases,FI,2005,0.0011836739855561752
FE|Transport|Pass|Road|LDV|Four Wheelers|Gases,FR,2005,0.012497565111302407
FE|Transport|Pass|Road|LDV|Four Wheelers|Gases,HR,2005,0.0006080697499499453
FE|Transport|Pass|Road|LDV|Four Wheelers|Gases,HU,2005,0.0013270454074608587
FE|Transport|Pass|Road|LDV|Four Wheelers|Gases,IE,2005,0.0007653322251953752
FE|Transport|Pass|Road|LDV|Four Wheelers|Gases,IT,2005,0.013024925027223272
FE|Transport|Pass|Road|LDV|Four Wheelers|Gases,LT,2005,0.0005413436059955524
FE|Transport|Pass|Road|LDV|Four Wheelers|Gases,LU,2005,0.00014440315954968234
FE|Transport|Pass|Road|LDV|Four Wheelers|Gases,LV,2005,0.00024884264107454587
FE|Transport|Pass|Road|LDV|Four Wheelers|Gases,MT,2005,0.00010309481635594042
FE|Transport|Pass|Road|LDV|Four Wheelers|Gases,NL,2005,0.002886507466874229
FE|Transport|Pass|Road|LDV|Four Wheelers|Gases,PL,2005,0.006938824673261862
FE|Transport|Pass|Road|LDV|Four Wheelers|Gases,PT,2005,0.0018615240266268813
FE|Transport|Pass|Road|LDV|Four Wheelers|Gases,RO,2005,0.002580639753426222
FE|Transport|Pass|Road|LDV|Four Wheelers|Gases,SE,2005,0.001584172828606749
FE|Transport|Pass|Road|LDV|Four Wheelers|Gases,SI,2005,0.0003917371907199873
FE|Transport|Pass|Road|LDV|Four Wheelers|Gases,SK,2005,0.0008418040082315803
FE|Transport|Pass|Road|LDV|Four Wheelers|Gases,AT,2010,0.00162110840411596
FE|Transport|Pass|Road|LDV|Four Wheelers|Gases,BE,2010,0.001890785806307626
FE|Transport|Pass|Road|LDV|Four Wheelers|Gases,BG,2010,0.0009399025576979963
FE|Transport|Pass|Road|LDV|Four Wheelers|Gases,CY,2010,0.00019560362038636953
FE|Transport|Pass|Road|LDV|Four Wheelers|Gases,CZ,2010,0.0020362392378153304
FE|Transport|Pass|Road|LDV|Four Wheelers|Gases,DE,2010,0.0153508580095264
FE|Transport|Pass|Road|LDV|Four Wheelers|Gases,DK,2010,0.0008841405576188245
FE|Transport|Pass|Road|LDV|Four Wheelers|Gases,EE,2010,0.00027068664652590184
FE|Transport|Pass|Road|LDV|Four Wheelers|Gases,EL,2010,0.0018376998044492595
FE|Transport|Pass|Road|LDV|Four Wheelers|Gases,ES,2010,0.008372270165706784
FE|Transport|Pass|Road|LDV|Four Wheelers|Gases,EU27_2020,2010,0.0800798320440664
FE|Transport|Pass|Road|LDV|Four Wheelers|Gases,FI,2010,0.0011625312901546278
FE|Transport|Pass|Road|LDV|Four Wheelers|Gases,FR,2010,0.01227433454643947
FE|Transport|Pass|Road|LDV|Four Wheelers|Gases,HR,2010,0.0005972084539656073
FE|Transport|Pass|Road|LDV|Four Wheelers|Gases,HU,2010,0.001303341822541077
FE|Transport|Pass|Road|LDV|Four Wheelers|Gases,IE,2010,0.0007516619187463481
FE|Transport|Pass|Road|LDV|Four Wheelers|Gases,IT,2010,0.012792274799340485
FE|Transport|Pass|Road|LDV|Four Wheelers|Gases,LT,2010,0.0005316741673588983
FE|Transport|Pass|Road|LDV|Four Wheelers|Gases,LU,2010,0.0001418238412114953
FE|Transport|Pass|Road|LDV|Four Wheelers|Gases,LV,2010,0.0002443978325991078
FE|Transport|Pass|Road|LDV|Four Wheelers|Gases,MT,2010,0.00010125334452645866
FE|Transport|Pass|Road|LDV|Four Wheelers|Gases,NL,2010,0.002834948888337304
FE|Transport|Pass|Road|LDV|Four Wheelers|Gases,PL,2010,0.006814883910601117
FE|Transport|Pass|Road|LDV|Four Wheelers|Gases,PT,2010,0.001828273624947114
FE|Transport|Pass|Road|LDV|Four Wheelers|Gases,RO,2010,0.002534544560903952
FE|Transport|Pass|Road|LDV|Four Wheelers|Gases,SE,2010,0.0015558764530951236
FE|Transport|Pass|Road|LDV|Four Wheelers|Gases,SI,2010,0.0003847400105826213
FE|Transport|Pass|Road|LDV|Four Wheelers|Gases,SK,2010,0.0008267677685650652
FE|Transport|Pass|Road|LDV|Four Wheelers|Gases,AT,2015,0.0011729419185681142
FE|Transport|Pass|Road|LDV|Four Wheelers|Gases,BE,2015,0.0013680651618490928
FE|Transport|Pass|Road|LDV|Four Wheelers|Gases,BG,2015,0.0006800600789523176
FE|Transport|Pass|Road|LDV|Four Wheelers|Gases,CY,2015,0.00014152766415394255
FE|Transport|Pass|Road|LDV|Four Wheelers|Gases,CZ,2015,0.0014733069992128318
FE|Transport|Pass|Road|LDV|Four Wheelers|Gases,DE,2015,0.011107008513215152
FE|Transport|Pass|Road|LDV|Four Wheelers|Gases,DK,2015,0.0006397138644795558
FE|Transport|Pass|Road|LDV|Four Wheelers|Gases,EE,2015,0.00019585347512895198
FE|Transport|Pass|Road|LDV|Four Wheelers|Gases,EL,2015,0.001329655147620082
FE|Transport|Pass|Road|LDV|Four Wheelers|Gases,ES,2015,0.006057698921306836
FE|Transport|Pass|Road|LDV|Four Wheelers|Gases,EU27_2020,2015,0.0579412157742788
FE|Transport|Pass|Road|LDV|Four Wheelers|Gases,FI,2015,0.0008411415784455432
FE|Transport|Pass|Road|LDV|Four Wheelers|Gases,FR,2015,0.008881010964777992
FE|Transport|Pass|Road|LDV|Four Wheelers|Gases,HR,2015,0.00043210609975309806
FE|Transport|Pass|Road|LDV|Four Wheelers|Gases,HU,2015,0.0009430240778469497
FE|Transport|Pass|Road|LDV|Four Wheelers|Gases,IE,2015,0.0005438598497487435
FE|Transport|Pass|Road|LDV|Four Wheelers|Gases,IT,2015,0.009255763098811045
FE|Transport|Pass|Road|LDV|Four Wheelers|Gases,LT,2015,0.00038468921407827227
FE|Transport|Pass|Road|LDV|Four Wheelers|Gases,LU,2015,0.00010261567208395742
FE|Transport|Pass|Road|LDV|Four Wheelers|Gases,LV,2015,0.00017683238328470278
FE|Transport|Pass|Road|LDV|Four Wheelers|Gases,MT,2015,7.326116618035083e-05
FE|Transport|Pass|Road|LDV|Four Wheelers|Gases,NL,2015,0.002051207914095201
FE|Transport|Pass|Road|LDV|Four Wheelers|Gases,PL,2015,0.004930862728627038
FE|Transport|Pass|Road|LDV|Four Wheelers|Gases,PT,2015,0.001322834899793384
FE|Transport|Pass|Road|LDV|Four Wheelers|Gases,RO,2015,0.0018338524138268584
FE|Transport|Pass|Road|LDV|Four Wheelers|Gases,SE,2015,0.0011257437857424156
FE|Transport|Pass|Road|LDV|Four Wheelers|Gases,SI,2015,0.0002783760080552984
FE|Transport|Pass|Road|LDV|Four Wheelers|Gases,SK,2015,0.0005982021746410109
FE|Transport|Pass|Road|LDV|Four Wheelers|Gases,AT,2020,0.0006833235009416558
FE|Transport|Pass|Road|LDV|Four Wheelers|Gases,BE,2020,0.0007969969024998643
FE|Transport|Pass|Road|LDV|Four Wheelers|Gases,BG,2020,0.00039618418153871337
FE|Transport|Pass|Road|LDV|Four Wheelers|Gases,CY,2020,8.245010040038984e-05
FE|Transport|Pass|Road|LDV|Four Wheelers|Gases,CZ,2020,0.000858307884411665
FE|Transport|Pass|Road|LDV|Four Wheelers|Gases,DE,2020,0.00647063577666673
FE|Transport|Pass|Road|LDV|Four Wheelers|Gases,DK,2020,0.00037267959355627824
FE|Transport|Pass|Road|LDV|Four Wheelers|Gases,EE,2020,0.00011409881442389019
FE|Transport|Pass|Road|LDV|Four Wheelers|Gases,EL,2020,0.0007746202911956769
FE|Transport|Pass|Road|LDV|Four Wheelers|Gases,ES,2020,0.0035290477465508884
FE|Transport|Pass|Road|LDV|Four Wheelers|Gases,EU27_2020,2020,0.0337549488043102
FE|Transport|Pass|Road|LDV|Four Wheelers|Gases,FI,2020,0.0004900258052612358
FE|Transport|Pass|Road|LDV|Four Wheelers|Gases,FR,2020,0.005173831208762378
FE|Transport|Pass|Road|LDV|Four Wheelers|Gases,HR,2020,0.00025173305530932366
FE|Transport|Pass|Road|LDV|Four Wheelers|Gases,HU,2020,0.0005493797298448531
FE|Transport|Pass|Road|LDV|Four Wheelers|Gases,IE,2020,0.00031683769730524235
FE|Transport|Pass|Road|LDV|Four Wheelers|Gases,IT,2020,0.005392151430897019
FE|Transport|Pass|Road|LDV|Four Wheelers|Gases,LT,2020,0.00022410928996327288
FE|Transport|Pass|Road|LDV|Four Wheelers|Gases,LU,2020,5.978105069813718e-05
FE|Transport|Pass|Road|LDV|Four Wheelers|Gases,LV,2020,0.00010301765271844777
FE|Transport|Pass|Road|LDV|Four Wheelers|Gases,MT,2020,4.267992793585086e-05
FE|Transport|Pass|Road|LDV|Four Wheelers|Gases,NL,2020,0.0011949769641874807
FE|Transport|Pass|Road|LDV|Four Wheelers|Gases,PL,2020,0.002872584165549617
FE|Transport|Pass|Road|LDV|Four Wheelers|Gases,PT,2020,0.0007706470035601577
FE|Transport|Pass|Road|LDV|Four Wheelers|Gases,RO,2020,0.001068351664979484
FE|Transport|Pass|Road|LDV|Four Wheelers|Gases,SE,2020,0.000655827174951587
FE|Transport|Pass|Road|LDV|Four Wheelers|Gases,SI,2020,0.00016217415832040852
FE|Transport|Pass|Road|LDV|Four Wheelers|Gases,SK,2020,0.00034849603187991945
FE|Transport|Pass|Road|LDV|Four Wheelers|Gases,AT,2025,0.0012552724729566562
FE|Transport|Pass|Road|LDV|Four Wheelers|Gases,BE,2025,0.0014640917096530842
FE|Transport|Pass|Road|LDV|Four Wheelers|Gases,BG,2025,0.0007277945169763335
FE|Transport|Pass|Road|LDV|Four Wheelers|Gases,CY,2025,0.00015146170339889843
FE|Transport|Pass|Road|LDV|Four Wheelers|Gases,CZ,2025,0.0015767206295976921
FE|Transport|Pass|Road|LDV|Four Wheelers|Gases,DE,2025,0.011886626117476056
FE|Transport|Pass|Road|LDV|Four Wheelers|Gases,DK,2025,0.0006846163411315402
FE|Transport|Pass|Road|LDV|Four Wheelers|Gases,EE,2025,0.00020960072461422374
FE|Transport|Pass|Road|LDV|Four Wheelers|Gases,EL,2025,0.0014229856388542762
FE|Transport|Pass|Road|LDV|Four Wheelers|Gases,ES,2025,0.0064828979039801655
FE|Transport|Pass|Road|LDV|Four Wheelers|Gases,EU27_2020,2025,0.0620081967058376
FE|Transport|Pass|Road|LDV|Four Wheelers|Gases,FI,2025,0.0009001825687762622
FE|Transport|Pass|Road|LDV|Four Wheelers|Gases,FR,2025,0.00950438245886995
FE|Transport|Pass|Road|LDV|Four Wheelers|Gases,HR,2025,0.00046243627568437744
FE|Transport|Pass|Road|LDV|Four Wheelers|Gases,HU,2025,0.001009216353783053
FE|Transport|Pass|Road|LDV|Four Wheelers|Gases,IE,2025,0.0005820341891858954
FE|Transport|Pass|Road|LDV|Four Wheelers|Gases,IT,2025,0.009905439007865762
FE|Transport|Pass|Road|LDV|Four Wheelers|Gases,LT,2025,0.00041169112760952397
FE|Transport|Pass|Road|LDV|Four Wheelers|Gases,LU,2025,0.00010981842018075881
FE|Transport|Pass|Road|LDV|Four Wheelers|Gases,LV,2025,0.00018924451377403637
FE|Transport|Pass|Road|LDV|Four Wheelers|Gases,MT,2025,7.840347743318984e-05
FE|Transport|Pass|Road|LDV|Four Wheelers|Gases,NL,2025,0.0021951852773902077
FE|Transport|Pass|Road|LDV|Four Wheelers|Gases,PL,2025,0.005276967387037785
FE|Transport|Pass|Road|LDV|Four Wheelers|Gases,PT,2025,0.0014156866675922994
FE|Transport|Pass|Road|LDV|Four Wheelers|Gases,RO,2025,0.0019625732682076492
FE|Transport|Pass|Road|LDV|Four Wheelers|Gases,SE,2025,0.0012047614323218588
FE|Transport|Pass|Road|LDV|Four Wheelers|Gases,SI,2025,0.00029791563803087336
FE|Transport|Pass|Road|LDV|Four Wheelers|Gases,SK,2025,0.0006401908834551259
FE|Transport|Pass|Road|LDV|Four Wheelers|Gases,AT,2030,0.0019645188084594653
FE|Transport|Pass|Road|LDV|Four Wheelers|Gases,BE,2030,0.002291323806494698
FE|Transport|Pass|Road|LDV|Four Wheelers|Gases,BG,2030,0.0011390085006214006
FE|Transport|Pass|Road|LDV|Four Wheelers|Gases,CY,2030,0.00023703966389671563
FE|Transport|Pass|Road|LDV|Four Wheelers|Gases,CZ,2030,0.00246758962636606
FE|Transport|Pass|Road|LDV|Four Wheelers|Gases,DE,2030,0.018602734529743432
FE|Transport|Pass|Road|LDV|Four Wheelers|Gases,DK,2030,0.0010714340573116767
FE|Transport|Pass|Road|LDV|Four Wheelers|Gases,EE,2030,0.00032802803745190807
FE|Transport|Pass|Road|LDV|Four Wheelers|Gases,EL,2030,0.002226992236285149
FE|Transport|Pass|Road|LDV|Four Wheelers|Gases,ES,2030,0.010145825022111544
FE|Transport|Pass|Road|LDV|Four Wheelers|Gases,EU27_2020,2030,0.0970436867944275
FE|Transport|Pass|Road|LDV|Four Wheelers|Gases,FI,2030,0.001408798189641641
FE|Transport|Pass|Road|LDV|Four Wheelers|Gases,FR,2030,0.014874490204715063
FE|Transport|Pass|Road|LDV|Four Wheelers|Gases,HR,2030,0.0007237191772047044
FE|Transport|Pass|Road|LDV|Four Wheelers|Gases,HU,2030,0.0015794375735348003
FE|Transport|Pass|Road|LDV|Four Wheelers|Gases,IE,2030,0.0009108915685285068
FE|Transport|Pass|Road|LDV|Four Wheelers|Gases,IT,2030,0.01550214925940806
FE|Transport|Pass|Road|LDV|Four Wheelers|Gases,LT,2030,0.000644302317535742
FE|Transport|Pass|Road|LDV|Four Wheelers|Gases,LU,2030,0.0001718673488093406
FE|Transport|Pass|Road|LDV|Four Wheelers|Gases,LV,2030,0.0002961702855087606
FE|Transport|Pass|Road|LDV|Four Wheelers|Gases,MT,2030,0.0001227025282434016
FE|Transport|Pass|Road|LDV|Four Wheelers|Gases,NL,2030,0.0034354953672558375
FE|Transport|Pass|Road|LDV|Four Wheelers|Gases,PL,2030,0.008258527058308944
FE|Transport|Pass|Road|LDV|Four Wheelers|Gases,PT,2030,0.002215569245153364
FE|Transport|Pass|Road|LDV|Four Wheelers|Gases,RO,2030,0.0030714543506976254
FE|Transport|Pass|Road|LDV|Four Wheelers|Gases,SE,2030,0.0018854683301770929
FE|Transport|Pass|Road|LDV|Four Wheelers|Gases,SI,2030,0.0004662421003045937
FE|Transport|Pass|Road|LDV|Four Wheelers|Gases,SK,2030,0.0010019076006578715
FE|Transport|Pass|Road|LDV|Four Wheelers|Gases,AT,2035,0.001986073538358795
FE|Transport|Pass|Road|LDV|Four Wheelers|Gases,BE,2035,0.0023164642457453805
FE|Transport|Pass|Road|LDV|Four Wheelers|Gases,BG,2035,0.0011515057190131083
FE|Transport|Pass|Road|LDV|Four Wheelers|Gases,CY,2035,0.00023964046665244407
FE|Transport|Pass|Road|LDV|Four Wheelers|Gases,CZ,2035,0.0024946640568422026
FE|Transport|Pass|Road|LDV|Four Wheelers|Gases,DE,2035,0.018806844012661545
FE|Transport|Pass|Road|LDV|Four Wheelers|Gases,DK,2035,0.0010831898478955331
FE|Transport|Pass|Road|LDV|Four Wheelers|Gases,EE,2035,0.00033162716601012625
FE|Transport|Pass|Road|LDV|Four Wheelers|Gases,EL,2035,0.002251426828580386
FE|Transport|Pass|Road|LDV|Four Wheelers|Gases,ES,2035,0.010257145166777898
FE|Transport|Pass|Road|LDV|Four Wheelers|Gases,EU27_2020,2035,0.0981084515848086
FE|Transport|Pass|Road|LDV|Four Wheelers|Gases,FI,2035,0.0014242555445570686
FE|Transport|Pass|Road|LDV|Four Wheelers|Gases,FR,2035,0.015037693334851691
FE|Transport|Pass|Road|LDV|Four Wheelers|Gases,HR,2035,0.000731659834896776
FE|Transport|Pass|Road|LDV|Four Wheelers|Gases,HU,2035,0.0015967671863355518
FE|Transport|Pass|Road|LDV|Four Wheelers|Gases,IE,2035,0.0009208858845119743
FE|Transport|Pass|Road|LDV|Four Wheelers|Gases,IT,2035,0.01567223907412848
FE|Transport|Pass|Road|LDV|Four Wheelers|Gases,LT,2035,0.0006513716122496399
FE|Transport|Pass|Road|LDV|Four Wheelers|Gases,LU,2035,0.0001737530799441849
FE|Transport|Pass|Road|LDV|Four Wheelers|Gases,LV,2035,0.00029941987033373606
FE|Transport|Pass|Road|LDV|Four Wheelers|Gases,MT,2035,0.00012404882222789414
FE|Transport|Pass|Road|LDV|Four Wheelers|Gases,NL,2035,0.003473189674071698
FE|Transport|Pass|Road|LDV|Four Wheelers|Gases,PL,2035,0.008349139741344415
FE|Transport|Pass|Road|LDV|Four Wheelers|Gases,PT,2035,0.002239878504218179
FE|Transport|Pass|Road|LDV|Four Wheelers|Gases,RO,2035,0.003105154394007125
FE|Transport|Pass|Road|LDV|Four Wheelers|Gases,SE,2035,0.0019061557170403308
FE|Transport|Pass|Road|LDV|Four Wheelers|Gases,SI,2035,0.0004713577156382248
FE|Transport|Pass|Road|LDV|Four Wheelers|Gases,SK,2035,0.0010129005459141205
FE|Transport|Pass|Road|LDV|Four Wheelers|Gases,AT,2040,0.001081277209442311
FE|Transport|Pass|Road|LDV|Four Wheelers|Gases,BE,2040,0.0012611516880096296
FE|Transport|Pass|Road|LDV|Four Wheelers|Gases,BG,2040,0.0006269137906848351
FE|Transport|Pass|Road|LDV|Four Wheelers|Gases,CY,2040,0.00013046736188103663
FE|Transport|Pass|Road|LDV|Four Wheelers|Gases,CZ,2040,0.001358168938753096
FE|Transport|Pass|Road|LDV|Four Wheelers|Gases,DE,2040,0.01023900244360126
FE|Transport|Pass|Road|LDV|Four Wheelers|Gases,DK,2040,0.000589720608732633
FE|Transport|Pass|Road|LDV|Four Wheelers|Gases,EE,2040,0.00018054764323329484
FE|Transport|Pass|Road|LDV|Four Wheelers|Gases,EL,2040,0.0012257433934106225
FE|Transport|Pass|Road|LDV|Four Wheelers|Gases,ES,2040,0.005584293375130137
FE|Transport|Pass|Road|LDV|Four Wheelers|Gases,EU27_2020,2040,0.053413144429682
FE|Transport|Pass|Road|LDV|Four Wheelers|Gases,FI,2040,0.0007754068673731021
FE|Transport|Pass|Road|LDV|Four Wheelers|Gases,FR,2040,0.008186965271685841
FE|Transport|Pass|Road|LDV|Four Wheelers|Gases,HR,2040,0.0003983372666008938
FE|Transport|Pass|Road|LDV|Four Wheelers|Gases,HU,2040,0.0008693273104059883
FE|Transport|Pass|Road|LDV|Four Wheelers|Gases,IE,2040,0.0005013575279003778
FE|Transport|Pass|Road|LDV|Four Wheelers|Gases,IT,2040,0.00853243075067092
FE|Transport|Pass|Road|LDV|Four Wheelers|Gases,LT,2040,0.00035462598217045045
FE|Transport|Pass|Road|LDV|Four Wheelers|Gases,LU,2040,9.459631870897738e-05
FE|Transport|Pass|Road|LDV|Four Wheelers|Gases,LV,2040,0.00016301303833571966
FE|Transport|Pass|Road|LDV|Four Wheelers|Gases,MT,2040,6.753584987795711e-05
FE|Transport|Pass|Road|LDV|Four Wheelers|Gases,NL,2040,0.001890907242914812
FE|Transport|Pass|Road|LDV|Four Wheelers|Gases,PL,2040,0.004545518756684565
FE|Transport|Pass|Road|LDV|Four Wheelers|Gases,PT,2040,0.001219456143870799
FE|Transport|Pass|Road|LDV|Four Wheelers|Gases,RO,2040,0.0016905379449413905
FE|Transport|Pass|Road|LDV|Four Wheelers|Gases,SE,2040,0.0010377675824567226
FE|Transport|Pass|Road|LDV|Four Wheelers|Gases,SI,2040,0.00025662108958743275
FE|Transport|Pass|Road|LDV|Four Wheelers|Gases,SK,2040,0.000551453032617141
FE|Transport|Pass|Road|LDV|Four Wheelers|Gases,AT,2045,0.000310275889933528
FE|Transport|Pass|Road|LDV|Four Wheelers|Gases,BE,2045,0.00036189143627671737
FE|Transport|Pass|Road|LDV|Four Wheelers|Gases,BG,2045,0.00017989488044112584
FE|Transport|Pass|Road|LDV|Four Wheelers|Gases,CY,2045,3.743801909576645e-05
FE|Transport|Pass|Road|LDV|Four Wheelers|Gases,CZ,2045,0.00038973084096449305
FE|Transport|Pass|Road|LDV|Four Wheelers|Gases,DE,2045,0.002938113896674566
FE|Transport|Pass|Road|LDV|Four Wheelers|Gases,DK,2045,0.0001692221801114563
FE|Transport|Pass|Road|LDV|Four Wheelers|Gases,EE,2045,5.180871305750061e-05
FE|Transport|Pass|Road|LDV|Four Wheelers|Gases,EL,2045,0.00035173091497672456
FE|Transport|Pass|Road|LDV|Four Wheelers|Gases,ES,2045,0.0016024305159562792
FE|Transport|Pass|Road|LDV|Four Wheelers|Gases,EU27_2020,2045,0.0153270694853685
FE|Transport|Pass|Road|LDV|Four Wheelers|Gases,FI,2045,0.00022250543499279638
FE|Transport|Pass|Road|LDV|Four Wheelers|Gases,FR,2045,0.0023492753877956767
FE|Transport|Pass|Road|LDV|Four Wheelers|Gases,HR,2045,0.00011430412923622748
FE|Transport|Pass|Road|LDV|Four Wheelers|Gases,HU,2045,0.0002494562009855524
FE|Transport|Pass|Road|LDV|Four Wheelers|Gases,IE,2045,0.0001438661166495832
FE|Transport|Pass|Road|LDV|Four Wheelers|Gases,IT,2045,0.002448407791583872
FE|Transport|Pass|Road|LDV|Four Wheelers|Gases,LT,2045,0.00010176103893675792
FE|Transport|Pass|Road|LDV|Four Wheelers|Gases,LU,2045,2.7144710639931005e-05
FE|Transport|Pass|Road|LDV|Four Wheelers|Gases,LV,2045,4.677710313201812e-05
FE|Transport|Pass|Road|LDV|Four Wheelers|Gases,MT,2045,1.937962415217102e-05
FE|Transport|Pass|Road|LDV|Four Wheelers|Gases,NL,2045,0.0005426017698826282
FE|Transport|Pass|Road|LDV|Four Wheelers|Gases,PL,2045,0.0013043508779467103
FE|Transport|Pass|Road|LDV|Four Wheelers|Gases,PT,2045,0.0003499267689823694
FE|Transport|Pass|Road|LDV|Four Wheelers|Gases,RO,2045,0.0004851051707671018
FE|Transport|Pass|Road|LDV|Four Wheelers|Gases,SE,2045,0.0002977906658709658
FE|Transport|Pass|Road|LDV|Four Wheelers|Gases,SI,2045,7.363822732240843e-05
FE|Transport|Pass|Road|LDV|Four Wheelers|Gases,SK,2045,0.00015824117900355606
FE|Transport|Pass|Road|LDV|Four Wheelers|Gases,AT,2050,3.940636046446085e-05
FE|Transport|Pass|Road|LDV|Four Wheelers|Gases,BE,2050,4.5961754843333004e-05
FE|Transport|Pass|Road|LDV|Four Wheelers|Gases,BG,2050,2.2847416555288283e-05
FE|Transport|Pass|Road|LDV|Four Wheelers|Gases,CY,2050,4.754787991677992e-06
FE|Transport|Pass|Road|LDV|Four Wheelers|Gases,CZ,2050,4.949747789444573e-05
FE|Transport|Pass|Road|LDV|Four Wheelers|Gases,DE,2050,0.00037315298756472457
FE|Transport|Pass|Road|LDV|Four Wheelers|Gases,DK,2050,2.1491938124752704e-05
FE|Transport|Pass|Road|LDV|Four Wheelers|Gases,EE,2050,6.5799273748955144e-06
FE|Transport|Pass|Road|LDV|Four Wheelers|Gases,EL,2050,4.467132533255107e-05
FE|Transport|Pass|Road|LDV|Four Wheelers|Gases,ES,2050,0.00020351550532834891
FE|Transport|Pass|Road|LDV|Four Wheelers|Gases,EU27_2020,2050,0.00194660315093662
FE|Transport|Pass|Road|LDV|Four Wheelers|Gases,FI,2050,2.825913859599673e-05
FE|Transport|Pass|Road|LDV|Four Wheelers|Gases,FR,2050,0.00029836798721807103
FE|Transport|Pass|Road|LDV|Four Wheelers|Gases,HR,2050,1.4517111594536333e-05
FE|Transport|Pass|Road|LDV|Four Wheelers|Gases,HU,2050,3.1682000745329064e-05
FE|Transport|Pass|Road|LDV|Four Wheelers|Gases,IE,2050,1.8271609993706566e-05
FE|Transport|Pass|Road|LDV|Four Wheelers|Gases,IT,2050,0.0003109582250165122
FE|Transport|Pass|Road|LDV|Four Wheelers|Gases,LT,2050,1.2924085665950416e-05
FE|Transport|Pass|Road|LDV|Four Wheelers|Gases,LU,2050,3.4474939461450543e-06
FE|Transport|Pass|Road|LDV|Four Wheelers|Gases,LV,2050,5.940891468874586e-06
FE|Transport|Pass|Road|LDV|Four Wheelers|Gases,MT,2050,2.461294866223186e-06
FE|Transport|Pass|Road|LDV|Four Wheelers|Gases,NL,2050,6.891273742613404e-05
FE|Transport|Pass|Road|LDV|Four Wheelers|Gases,PL,2050,0.0001656581208405064
FE|Transport|Pass|Road|LDV|Four Wheelers|Gases,PT,2050,4.4442191101724105e-05
FE|Transport|Pass|Road|LDV|Four Wheelers|Gases,RO,2050,6.161042427923619e-05
FE|Transport|Pass|Road|LDV|Four Wheelers|Gases,SE,2050,3.7820683794596846e-05
FE|Transport|Pass|Road|LDV|Four Wheelers|Gases,SI,2050,9.352368727239511e-06
FE|Transport|Pass|Road|LDV|Four Wheelers|Gases,SK,2050,2.009730418135715e-05
FE|Transport|Pass|Road|LDV|Four Wheelers|Liquids,AT,2005,1261045531850.3887
FE|Transport|Pass|Road|LDV|Four Wheelers|Liquids,BE,2005,1470825138329.1262
FE|Transport|Pass|Road|LDV|Four Wheelers|Liquids,BG,2005,731141679205.6968
FE|Transport|Pass|Road|LDV|Four Wheelers|Liquids,CY,2005,152158283107.84982
FE|Transport|Pass|Road|LDV|Four Wheelers|Liquids,CZ,2005,1583972044130.9768
FE|Transport|Pass|Road|LDV|Four Wheelers|Liquids,DE,2005,11941293286638.408
FE|Transport|Pass|Road|LDV|Four Wheelers|Liquids,DK,2005,687764924839.1512
FE|Transport|Pass|Road|LDV|Four Wheelers|Liquids,EE,2005,210564688497.31342
FE|Transport|Pass|Road|LDV|Four Wheelers|Liquids,EL,2005,1429530018720.0208
FE|Transport|Pass|Road|LDV|Four Wheelers|Liquids,ES,2005,6512713065395.741
FE|Transport|Pass|Road|LDV|Four Wheelers|Liquids,EU27_2020,2005,62293375405434.0
FE|Transport|Pass|Road|LDV|Four Wheelers|Liquids,FI,2005,904322552004.2988
FE|Transport|Pass|Road|LDV|Four Wheelers|Liquids,FR,2005,9548093574078.566
FE|Transport|Pass|Road|LDV|Four Wheelers|Liquids,HR,2005,464563042511.2131
FE|Transport|Pass|Road|LDV|Four Wheelers|Liquids,HU,2005,1013857788668.6475
FE|Transport|Pass|Road|LDV|Four Wheelers|Liquids,IE,2005,584710992608.8379
FE|Transport|Pass|Road|LDV|Four Wheelers|Liquids,IT,2005,9950994601565.662
FE|Transport|Pass|Road|LDV|Four Wheelers|Liquids,LT,2005,413584515042.86646
FE|Transport|Pass|Road|LDV|Four Wheelers|Liquids,LU,2005,110323480413.48013
FE|Transport|Pass|Road|LDV|Four Wheelers|Liquids,LV,2005,190114858457.65707
FE|Transport|Pass|Road|LDV|Four Wheelers|Liquids,MT,2005,78764058822.84552
FE|Transport|Pass|Road|LDV|Four Wheelers|Liquids,NL,2005,2205281040789.8286
FE|Transport|Pass|Road|LDV|Four Wheelers|Liquids,PL,2005,5301236415604.881
FE|Transport|Pass|Road|LDV|Four Wheelers|Liquids,PT,2005,1422197479135.7341
FE|Transport|Pass|Road|LDV|Four Wheelers|Liquids,RO,2005,1971599237712.0554
FE|Transport|Pass|Road|LDV|Four Wheelers|Liquids,SE,2005,1210302188493.5522
FE|Transport|Pass|Road|LDV|Four Wheelers|Liquids,SI,2005,299285766477.6998
FE|Transport|Pass|Road|LDV|Four Wheelers|Liquids,SK,2005,643135152331.4375
FE|Transport|Pass|Road|LDV|Four Wheelers|Liquids,AT,2010,13383969215841.02
FE|Transport|Pass|Road|LDV|Four Wheelers|Liquids,BE,2010,15610442189503.46
FE|Transport|Pass|Road|LDV|Four Wheelers|Liquids,BG,2010,7759892469979.684
FE|Transport|Pass|Road|LDV|Four Wheelers|Liquids,CY,2010,1614915342559.0144
FE|Transport|Pass|Road|LDV|Four Wheelers|Liquids,CZ,2010,16811314533817.271
FE|Transport|Pass|Road|LDV|Four Wheelers|Liquids,DE,2010,126737613915640.03
FE|Transport|Pass|Road|LDV|Four Wheelers|Liquids,DK,2010,7299518018414.028
FE|Transport|Pass|Road|LDV|Four Wheelers|Liquids,EE,2010,2234805356041.299
FE|Transport|Pass|Road|LDV|Four Wheelers|Liquids,EL,2010,15172160941401.54
FE|Transport|Pass|Road|LDV|Four Wheelers|Liquids,ES,2010,69121969807830.56
FE|Transport|Pass|Road|LDV|Four Wheelers|Liquids,EU27_2020,2010,661143945812792.0
FE|Transport|Pass|Road|LDV|Four Wheelers|Liquids,FI,2010,9597928775384.047
FE|Transport|Pass|Road|LDV|Four Wheelers|Liquids,FR,2010,101337649781703.72
FE|Transport|Pass|Road|LDV|Four Wheelers|Liquids,HR,2010,4930589183932.172
FE|Transport|Pass|Road|LDV|Four Wheelers|Liquids,HU,2010,10760469063215.172
FE|Transport|Pass|Road|LDV|Four Wheelers|Liquids,IE,2010,6205766348307.387
FE|Transport|Pass|Road|LDV|Four Wheelers|Liquids,IT,2010,105613795894370.64
FE|Transport|Pass|Road|LDV|Four Wheelers|Liquids,LT,2010,4389534142641.081
FE|Transport|Pass|Road|LDV|Four Wheelers|Liquids,LU,2010,1170906226892.3997
FE|Transport|Pass|Road|LDV|Four Wheelers|Liquids,LV,2010,2017763315284.587
FE|Transport|Pass|Road|LDV|Four Wheelers|Liquids,MT,2010,835953747881.5823
FE|Transport|Pass|Road|LDV|Four Wheelers|Liquids,NL,2010,23405509806533.016
FE|Transport|Pass|Road|LDV|Four Wheelers|Liquids,PL,2010,56264094515477.71
FE|Transport|Pass|Road|LDV|Four Wheelers|Liquids,PT,2010,15094337832250.178
FE|Transport|Pass|Road|LDV|Four Wheelers|Liquids,RO,2010,20925353476169.68
FE|Transport|Pass|Road|LDV|Four Wheelers|Liquids,SE,2010,12845410275466.99
FE|Transport|Pass|Road|LDV|Four Wheelers|Liquids,SI,2010,3176436840785.024
FE|Transport|Pass|Road|LDV|Four Wheelers|Liquids,SK,2010,6825844795468.026
FE|Transport|Pass|Road|LDV|Four Wheelers|Liquids,AT,2015,13375072256312.428
FE|Transport|Pass|Road|LDV|Four Wheelers|Liquids,BE,2015,15600065187722.924
FE|Transport|Pass|Road|LDV|Four Wheelers|Liquids,BG,2015,7754734101177.557
FE|Transport|Pass|Road|LDV|Four Wheelers|Liquids,CY,2015,1613841831688.4243
FE|Transport|Pass|Road|LDV|Four Wheelers|Liquids,CZ,2015,16800139255197.178
FE|Transport|Pass|Road|LDV|Four Wheelers|Liquids,DE,2015,126653365408820.17
FE|Transport|Pass|Road|LDV|Four Wheelers|Liquids,DK,2015,7294665682358.803
FE|Transport|Pass|Road|LDV|Four Wheelers|Liquids,EE,2015,2233319774859.3394
FE|Transport|Pass|Road|LDV|Four Wheelers|Liquids,EL,2015,15162075285967.04
FE|Transport|Pass|Road|LDV|Four Wheelers|Liquids,ES,2015,69076021154034.44
FE|Transport|Pass|Road|LDV|Four Wheelers|Liquids,EU27_2020,2015,660704452054729.0
FE|Transport|Pass|Road|LDV|Four Wheelers|Liquids,FI,2015,9591548576618.21
FE|Transport|Pass|Road|LDV|Four Wheelers|Liquids,FR,2015,101270285836502.53
FE|Transport|Pass|Road|LDV|Four Wheelers|Liquids,HR,2015,4927311587300.401
FE|Transport|Pass|Road|LDV|Four Wheelers|Liquids,HU,2015,10753316068746.926
FE|Transport|Pass|Road|LDV|Four Wheelers|Liquids,IE,2015,6201641080895.726
FE|Transport|Pass|Road|LDV|Four Wheelers|Liquids,IT,2015,105543589391906.4
FE|Transport|Pass|Road|LDV|Four Wheelers|Liquids,LT,2015,4386616210973.23
FE|Transport|Pass|Road|LDV|Four Wheelers|Liquids,LU,2015,1170127869953.2559
FE|Transport|Pass|Road|LDV|Four Wheelers|Liquids,LV,2015,2016422012247.7334
FE|Transport|Pass|Road|LDV|Four Wheelers|Liquids,MT,2015,835398049751.7725
FE|Transport|Pass|Road|LDV|Four Wheelers|Liquids,NL,2015,23389951053360.73
FE|Transport|Pass|Road|LDV|Four Wheelers|Liquids,PL,2015,56226693101611.29
FE|Transport|Pass|Road|LDV|Four Wheelers|Liquids,PT,2015,15084303909529.744
FE|Transport|Pass|Road|LDV|Four Wheelers|Liquids,RO,2015,20911443400616.113
FE|Transport|Pass|Road|LDV|Four Wheelers|Liquids,SE,2015,12836871321625.576
FE|Transport|Pass|Road|LDV|Four Wheelers|Liquids,SI,2015,3174325312466.1943
FE|Transport|Pass|Road|LDV|Four Wheelers|Liquids,SK,2015,6821307332484.1875
FE|Transport|Pass|Road|LDV|Four Wheelers|Liquids,AT,2020,13385022138809.492
FE|Transport|Pass|Road|LDV|Four Wheelers|Liquids,BE,2020,15611670270117.234
FE|Transport|Pass|Road|LDV|Four Wheelers|Liquids,BG,2020,7760502944262.966
FE|Transport|Pass|Road|LDV|Four Wheelers|Liquids,CY,2020,1615042388686.2803
FE|Transport|Pass|Road|LDV|Four Wheelers|Liquids,CZ,2020,16812637087606.613
FE|Transport|Pass|Road|LDV|Four Wheelers|Liquids,DE,2020,126747584421587.03
FE|Transport|Pass|Road|LDV|Four Wheelers|Liquids,DK,2020,7300092274829.028
FE|Transport|Pass|Road|LDV|Four Wheelers|Liquids,EE,2020,2234981169198.9272
FE|Transport|Pass|Road|LDV|Four Wheelers|Liquids,EL,2020,15173354542229.434
FE|Transport|Pass|Road|LDV|Four Wheelers|Liquids,ES,2020,69127407664752.01
FE|Transport|Pass|Road|LDV|Four Wheelers|Liquids,EU27_2020,2020,661195958308845.0
FE|Transport|Pass|Road|LDV|Four Wheelers|Liquids,FI,2020,9598683848822.605
FE|Transport|Pass|Road|LDV|Four Wheelers|Liquids,FR,2020,101345622060876.33
FE|Transport|Pass|Road|LDV|Four Wheelers|Liquids,HR,2020,4930977075634.262
FE|Transport|Pass|Road|LDV|Four Wheelers|Liquids,HU,2020,10761315594228.914
FE|Transport|Pass|Road|LDV|Four Wheelers|Liquids,IE,2020,6206254558779.163
FE|Transport|Pass|Road|LDV|Four Wheelers|Liquids,IT,2020,105622104579910.12
FE|Transport|Pass|Road|LDV|Four Wheelers|Liquids,LT,2020,4389879469296.0625
FE|Transport|Pass|Road|LDV|Four Wheelers|Liquids,LU,2020,1170998342619.83
FE|Transport|Pass|Road|LDV|Four Wheelers|Liquids,LV,2020,2017922053645.7817
FE|Transport|Pass|Road|LDV|Four Wheelers|Liquids,MT,2020,836019512744.571
FE|Transport|Pass|Road|LDV|Four Wheelers|Liquids,NL,2020,23407351128674.95
FE|Transport|Pass|Road|LDV|Four Wheelers|Liquids,PL,2020,56268520837479.82
FE|Transport|Pass|Road|LDV|Four Wheelers|Liquids,PT,2020,15095525310698.547
FE|Transport|Pass|Road|LDV|Four Wheelers|Liquids,RO,2020,20926999683280.824
FE|Transport|Pass|Road|LDV|Four Wheelers|Liquids,SE,2020,12846420829757.752
FE|Transport|Pass|Road|LDV|Four Wheelers|Liquids,SI,2020,3176686732521.446
FE|Transport|Pass|Road|LDV|Four Wheelers|Liquids,SK,2020,6826381787794.329
FE|Transport|Pass|Road|LDV|Four Wheelers|Liquids,AT,2025,11848205837559.85
FE|Transport|Pass|Road|LDV|Four Wheelers|Liquids,BE,2025,13819198870963.873
FE|Transport|Pass|Road|LDV|Four Wheelers|Liquids,BG,2025,6869472110921.367
FE|Transport|Pass|Road|LDV|Four Wheelers|Liquids,CY,2025,1429609488807.4163
FE|Transport|Pass|Road|LDV|Four Wheelers|Liquids,CZ,2025,14882275338834.32
FE|Transport|Pass|Road|LDV|Four Wheelers|Liquids,DE,2025,112194918623722.67
FE|Transport|Pass|Road|LDV|Four Wheelers|Liquids,DK,2025,6461924007923.07
FE|Transport|Pass|Road|LDV|Four Wheelers|Liquids,EE,2025,1978369304220.9888
FE|Transport|Pass|Road|LDV|Four Wheelers|Liquids,EL,2025,13431208854063.053
FE|Transport|Pass|Road|LDV|Four Wheelers|Liquids,ES,2025,61190466966365.58
FE|Transport|Pass|Road|LDV|Four Wheelers|Liquids,EU27_2020,2025,585280004154152.0
FE|Transport|Pass|Road|LDV|Four Wheelers|Liquids,FI,2025,8496600217101.076
FE|Transport|Pass|Road|LDV|Four Wheelers|Liquids,FR,2025,89709511008669.05
FE|Transport|Pass|Road|LDV|Four Wheelers|Liquids,HR,2025,4364821422521.757
FE|Transport|Pass|Road|LDV|Four Wheelers|Liquids,HU,2025,9525743097105.354
FE|Transport|Pass|Road|LDV|Four Wheelers|Liquids,IE,2025,5493676493780.53
FE|Transport|Pass|Road|LDV|Four Wheelers|Liquids,IT,2025,93494984399805.75
FE|Transport|Pass|Road|LDV|Four Wheelers|Liquids,LT,2025,3885850543607.982
FE|Transport|Pass|Road|LDV|Four Wheelers|Liquids,LU,2025,1036548856992.4171
FE|Transport|Pass|Road|LDV|Four Wheelers|Liquids,LV,2025,1786232074015.3242
FE|Transport|Pass|Road|LDV|Four Wheelers|Liquids,MT,2025,740030996474.3308
FE|Transport|Pass|Road|LDV|Four Wheelers|Liquids,NL,2025,20719809904568.957
FE|Transport|Pass|Road|LDV|Four Wheelers|Liquids,PL,2025,49807987625546.3
FE|Transport|Pass|Road|LDV|Four Wheelers|Liquids,PT,2025,13362315672879.338
FE|Transport|Pass|Road|LDV|Four Wheelers|Liquids,RO,2025,18524242787103.395
FE|Transport|Pass|Road|LDV|Four Wheelers|Liquids,SE,2025,11371444640765.012
FE|Transport|Pass|Road|LDV|Four Wheelers|Liquids,SI,2025,2811951889061.811
FE|Transport|Pass|Road|LDV|Four Wheelers|Liquids,SK,2025,6042603120770.839
FE|Transport|Pass|Road|LDV|Four Wheelers|Liquids,AT,2030,9341028332564.834
FE|Transport|Pass|Road|LDV|Four Wheelers|Liquids,BE,2030,10894943078876.053
FE|Transport|Pass|Road|LDV|Four Wheelers|Liquids,BG,2030,5415835485779.838
FE|Transport|Pass|Road|LDV|Four Wheelers|Liquids,CY,2030,1127092398844.067
FE|Transport|Pass|Road|LDV|Four Wheelers|Liquids,CZ,2030,11733063849413.402
FE|Transport|Pass|Road|LDV|Four Wheelers|Liquids,DE,2030,88453553896886.0
FE|Transport|Pass|Road|LDV|Four Wheelers|Liquids,DK,2030,5094527903080.533
FE|Transport|Pass|Road|LDV|Four Wheelers|Liquids,EE,2030,1559730137741.3284
FE|Transport|Pass|Road|LDV|Four Wheelers|Liquids,EL,2030,10589054930888.805
FE|Transport|Pass|Road|LDV|Four Wheelers|Liquids,ES,2030,48242062422964.4
FE|Transport|Pass|Road|LDV|Four Wheelers|Liquids,EU27_2020,2030,461429956251803.0
FE|Transport|Pass|Road|LDV|Four Wheelers|Liquids,FI,2030,6698649942999.589
FE|Transport|Pass|Road|LDV|Four Wheelers|Liquids,FR,2030,70726242903043.39
FE|Transport|Pass|Road|LDV|Four Wheelers|Liquids,HR,2030,3441189420014.2207
FE|Transport|Pass|Road|LDV|Four Wheelers|Liquids,HU,2030,7510017751102.861
FE|Transport|Pass|Road|LDV|Four Wheelers|Liquids,IE,2030,4331169502109.029
FE|Transport|Pass|Road|LDV|Four Wheelers|Liquids,IT,2030,73710679085497.55
FE|Transport|Pass|Road|LDV|Four Wheelers|Liquids,LT,2030,3063572706416.637
FE|Transport|Pass|Road|LDV|Four Wheelers|Liquids,LU,2030,817206619635.1609
FE|Transport|Pass|Road|LDV|Four Wheelers|Liquids,LV,2030,1408250720882.9463
FE|Transport|Pass|Road|LDV|Four Wheelers|Liquids,MT,2030,583434369710.9991
FE|Transport|Pass|Road|LDV|Four Wheelers|Liquids,NL,2030,16335328235975.074
FE|Transport|Pass|Road|LDV|Four Wheelers|Liquids,PL,2030,39268209041689.555
FE|Transport|Pass|Road|LDV|Four Wheelers|Liquids,PT,2030,10534740111735.549
FE|Transport|Pass|Road|LDV|Four Wheelers|Liquids,RO,2030,14604361123192.592
FE|Transport|Pass|Road|LDV|Four Wheelers|Liquids,SE,2030,8965153714231.459
FE|Transport|Pass|Road|LDV|Four Wheelers|Liquids,SI,2030,2216919812641.034
FE|Transport|Pass|Road|LDV|Four Wheelers|Liquids,SK,2030,4763938753885.611
FE|Transport|Pass|Road|LDV|Four Wheelers|Liquids,AT,2035,552205832764.7412
FE|Transport|Pass|Road|LDV|Four Wheelers|Liquids,BE,2035,644067323382.5079
FE|Transport|Pass|Road|LDV|Four Wheelers|Liquids,BG,2035,320163459318.05194
FE|Transport|Pass|Road|LDV|Four Wheelers|Liquids,CY,2035,66629387530.78425
FE|Transport|Pass|Road|LDV|Four Wheelers|Liquids,CZ,2035,693613814579.6849
FE|Transport|Pass|Road|LDV|Four Wheelers|Liquids,DE,2035,5229035460726.329
FE|Transport|Pass|Road|LDV|Four Wheelers|Liquids,DK,2035,301168985159.4046
FE|Transport|Pass|Road|LDV|Four Wheelers|Liquids,EE,2035,92205274294.80814
FE|Transport|Pass|Road|LDV|Four Wheelers|Liquids,EL,2035,625984387170.5178
FE|Transport|Pass|Road|LDV|Four Wheelers|Liquids,ES,2035,2851886035040.756
FE|Transport|Pass|Road|LDV|Four Wheelers|Liquids,EU27_2020,2035,27277972422621.0
FE|Transport|Pass|Road|LDV|Four Wheelers|Liquids,FI,2035,395998538755.94696
FE|Transport|Pass|Road|LDV|Four Wheelers|Liquids,FR,2035,4181064704026.297
FE|Transport|Pass|Road|LDV|Four Wheelers|Liquids,HR,2035,203429943869.83145
FE|Transport|Pass|Road|LDV|Four Wheelers|Liquids,HU,2035,443963497238.1088
FE|Transport|Pass|Road|LDV|Four Wheelers|Liquids,IE,2035,256042159022.19193
FE|Transport|Pass|Road|LDV|Four Wheelers|Liquids,IT,2035,4357493145177.6807
FE|Transport|Pass|Road|LDV|Four Wheelers|Liquids,LT,2035,181106689472.76627
FE|Transport|Pass|Road|LDV|Four Wheelers|Liquids,LU,2035,48310126665.95623
FE|Transport|Pass|Road|LDV|Four Wheelers|Liquids,LV,2035,83250391111.1884
FE|Transport|Pass|Road|LDV|Four Wheelers|Liquids,MT,2035,34490406250.74007
FE|Transport|Pass|Road|LDV|Four Wheelers|Liquids,NL,2035,965682065280.193
FE|Transport|Pass|Road|LDV|Four Wheelers|Liquids,PL,2035,2321386179661.886
FE|Transport|Pass|Road|LDV|Four Wheelers|Liquids,PT,2035,622773503007.2156
FE|Transport|Pass|Road|LDV|Four Wheelers|Liquids,RO,2035,863353916604.0851
FE|Transport|Pass|Road|LDV|Four Wheelers|Liquids,SE,2035,529985564370.06006
FE|Transport|Pass|Road|LDV|Four Wheelers|Liquids,SI,2035,131055811815.09593
FE|Transport|Pass|Road|LDV|Four Wheelers|Liquids,SK,2035,281625820324.1424
FE|Transport|Pass|Road|LDV|Four Wheelers|Liquids,AT,2040,2332152033404.043
FE|Transport|Pass|Road|LDV|Four Wheelers|Liquids,BE,2040,2720114183429.0366
FE|Transport|Pass|Road|LDV|Four Wheelers|Liquids,BG,2040,1352158594435.5186
FE|Transport|Pass|Road|LDV|Four Wheelers|Liquids,CY,2040,281398443106.60504
FE|Transport|Pass|Road|LDV|Four Wheelers|Liquids,CZ,2040,2929365776471.807
FE|Transport|Pass|Road|LDV|Four Wheelers|Liquids,DE,2040,22083985642488.15
FE|Transport|Pass|Road|LDV|Four Wheelers|Liquids,DK,2040,1271938504562.9756
FE|Transport|Pass|Road|LDV|Four Wheelers|Liquids,EE,2040,389414064789.18414
FE|Transport|Pass|Road|LDV|Four Wheelers|Liquids,EL,2040,2643743826662.6763
FE|Transport|Pass|Road|LDV|Four Wheelers|Liquids,ES,2040,12044479469470.693
FE|Transport|Pass|Road|LDV|Four Wheelers|Liquids,EU27_2020,2040,115204105204839.0
FE|Transport|Pass|Road|LDV|Four Wheelers|Liquids,FI,2040,1672435788591.4736
FE|Transport|Pass|Road|LDV|Four Wheelers|Liquids,FR,2040,17658050626645.613
FE|Transport|Pass|Road|LDV|Four Wheelers|Liquids,HR,2040,859153469777.6747
FE|Transport|Pass|Road|LDV|Four Wheelers|Liquids,HU,2040,1875008033973.6975
FE|Transport|Pass|Road|LDV|Four Wheelers|Liquids,IE,2040,1081352652164.3315
FE|Transport|Pass|Road|LDV|Four Wheelers|Liquids,IT,2040,18403167616304.07
FE|Transport|Pass|Road|LDV|Four Wheelers|Liquids,LT,2040,764874814889.7767
FE|Transport|Pass|Road|LDV|Four Wheelers|Liquids,LU,2040,204030007386.78647
FE|Transport|Pass|Road|LDV|Four Wheelers|Liquids,LV,2040,351594563823.3699
FE|Transport|Pass|Road|LDV|Four Wheelers|Liquids,MT,2040,145664653102.0324
FE|Transport|Pass|Road|LDV|Four Wheelers|Liquids,NL,2040,4078402035142.0264
FE|Transport|Pass|Road|LDV|Four Wheelers|Liquids,PL,2040,9803999121322.191
FE|Transport|Pass|Road|LDV|Four Wheelers|Liquids,PT,2040,2630183176654.7285
FE|Transport|Pass|Road|LDV|Four Wheelers|Liquids,RO,2040,3646235647448.097
FE|Transport|Pass|Road|LDV|Four Wheelers|Liquids,SE,2040,2238308323242.5884
FE|Transport|Pass|Road|LDV|Four Wheelers|Liquids,SI,2040,553493027199.1671
FE|Transport|Pass|Road|LDV|Four Wheelers|Liquids,SK,2040,1189401108350.566
FE|Transport|Pass|Road|LDV|Four Wheelers|Liquids,AT,2045,0.00450951202980614
FE|Transport|Pass|Road|LDV|Four Wheelers|Liquids,BE,2045,0.0052596860997588335
FE|Transport|Pass|Road|LDV|Four Wheelers|Liquids,BG,2045,0.002614570302654163
FE|Transport|Pass|Road|LDV|Four Wheelers|Liquids,CY,2045,0.0005441196140655321
FE|Transport|Pass|Road|LDV|Four Wheelers|Liquids,CZ,2045,0.005664300619981662
FE|Transport|Pass|Road|LDV|Four Wheelers|Liquids,DE,2045,0.042702189863456835
FE|Transport|Pass|Road|LDV|Four Wheelers|Liquids,DK,2045,0.002459454574720963
FE|Transport|Pass|Road|LDV|Four Wheelers|Liquids,EE,2045,0.0007529815314738944
FE|Transport|Pass|Road|LDV|Four Wheelers|Liquids,EL,2045,0.005112014319520816
FE|Transport|Pass|Road|LDV|Four Wheelers|Liquids,ES,2045,0.023289530134556705
FE|Transport|Pass|Road|LDV|Four Wheelers|Liquids,EU27_2020,2045,0.222761762896728
FE|Transport|Pass|Road|LDV|Four Wheelers|Liquids,FI,2045,0.0032338669176397326
FE|Transport|Pass|Road|LDV|Four Wheelers|Liquids,FR,2045,0.03414408262550375
FE|Transport|Pass|Road|LDV|Four Wheelers|Liquids,HR,2045,0.0016612823057496095
FE|Transport|Pass|Road|LDV|Four Wheelers|Liquids,HU,2045,0.003625566071199039
FE|Transport|Pass|Road|LDV|Four Wheelers|Liquids,IE,2045,0.002090932633701501
FE|Transport|Pass|Road|LDV|Four Wheelers|Liquids,IT,2045,0.03558486091969295
FE|Transport|Pass|Road|LDV|Four Wheelers|Liquids,LT,2045,0.0014789825575850953
FE|Transport|Pass|Road|LDV|Four Wheelers|Liquids,LU,2045,0.0003945179214620897
FE|Transport|Pass|Road|LDV|Four Wheelers|Liquids,LV,2045,0.0006798527250651326
FE|Transport|Pass|Road|LDV|Four Wheelers|Liquids,MT,2045,0.0002816610993076497
FE|Transport|Pass|Road|LDV|Four Wheelers|Liquids,NL,2045,0.00788610809948533
FE|Transport|Pass|Road|LDV|Four Wheelers|Liquids,PL,2045,0.018957276946168836
FE|Transport|Pass|Road|LDV|Four Wheelers|Liquids,PT,2045,0.005085793081168025
FE|Transport|Pass|Road|LDV|Four Wheelers|Liquids,RO,2045,0.007050459524148219
FE|Transport|Pass|Road|LDV|Four Wheelers|Liquids,SE,2045,0.004328053302487651
FE|Transport|Pass|Road|LDV|Four Wheelers|Liquids,SI,2045,0.0010702490355765043
FE|Transport|Pass|Road|LDV|Four Wheelers|Liquids,SK,2045,0.002299858040791113
FE|Transport|Pass|Road|LDV|Four Wheelers|Liquids,AT,2050,0.00019405684729249654
FE|Transport|Pass|Road|LDV|Four Wheelers|Liquids,BE,2050,0.00022633892437165645
FE|Transport|Pass|Road|LDV|Four Wheelers|Liquids,BG,2050,0.00011251223338669465
FE|Transport|Pass|Road|LDV|Four Wheelers|Liquids,CY,2050,2.341498063596614e-05
FE|Transport|Pass|Road|LDV|Four Wheelers|Liquids,CZ,2050,0.00024375061274153618
FE|Transport|Pass|Road|LDV|Four Wheelers|Liquids,DE,2050,0.0018375940196226229
FE|Transport|Pass|Road|LDV|Four Wheelers|Liquids,DK,2050,0.00010583717210972283
FE|Transport|Pass|Road|LDV|Four Wheelers|Liquids,EE,2050,3.240288995826924e-05
FE|Transport|Pass|Road|LDV|Four Wheelers|Liquids,EL,2050,0.00021998419687172958
FE|Transport|Pass|Road|LDV|Four Wheelers|Liquids,ES,2050,0.0010022132689664776
FE|Transport|Pass|Road|LDV|Four Wheelers|Liquids,EU27_2020,2050,0.00958605834053314
FE|Transport|Pass|Road|LDV|Four Wheelers|Liquids,FI,2050,0.0001391622895011211
FE|Transport|Pass|Road|LDV|Four Wheelers|Liquids,FR,2050,0.0014693148580611744
FE|Transport|Pass|Road|LDV|Four Wheelers|Liquids,HR,2050,7.148959900444872e-05
FE|Transport|Pass|Road|LDV|Four Wheelers|Liquids,HU,2050,0.0001560181937152465
FE|Transport|Pass|Road|LDV|Four Wheelers|Liquids,IE,2050,8.997864782601615e-05
FE|Transport|Pass|Road|LDV|Four Wheelers|Liquids,IT,2050,0.0015313155560457493
FE|Transport|Pass|Road|LDV|Four Wheelers|Liquids,LT,2050,6.364473371587724e-05
FE|Transport|Pass|Road|LDV|Four Wheelers|Liquids,LU,2050,1.697720363828658e-05
FE|Transport|Pass|Road|LDV|Four Wheelers|Liquids,LV,2050,2.9255953987337217e-05
FE|Transport|Pass|Road|LDV|Four Wheelers|Liquids,MT,2050,1.2120660633636452e-05
FE|Transport|Pass|Road|LDV|Four Wheelers|Liquids,NL,2050,0.00033936116925265946
FE|Transport|Pass|Road|LDV|Four Wheelers|Liquids,PL,2050,0.0008157843627223675
FE|Transport|Pass|Road|LDV|Four Wheelers|Liquids,PT,2050,0.00021885582404264847
FE|Transport|Pass|Road|LDV|Four Wheelers|Liquids,RO,2050,0.00030340088643213494
FE|Transport|Pass|Road|LDV|Four Wheelers|Liquids,SE,2050,0.00018624817347049803
FE|Transport|Pass|Road|LDV|Four Wheelers|Liquids,SI,2050,4.6055793240835375e-05
FE|Transport|Pass|Road|LDV|Four Wheelers|Liquids,SK,2050,9.896928928592026e-05
